Nr.,Name,Typ 1,Typ 2,Gesamt,KP,Angriff,Verteidigung,Spezial-Angriff,Spezial-Verteidigung,Initiative,Generation,Legendär
1,Bulbasaur,Pflanze,Gift,318,45,49,49,65,65,45,1,nein
2,Ivysaur,Pflanze,Gift,405,60,62,63,80,80,60,1,nein
3,Venusaur,Pflanze,Gift,525,80,82,83,100,100,80,1,nein
3,VenusaurMega Venusaur,Pflanze,Gift,625,80,100,123,122,120,80,1,nein
4,Charmander,Feuer,,309,39,52,43,60,50,65,1,nein
5,Charmeleon,Feuer,,405,58,64,58,80,65,80,1,nein
6,Charizard,Feuer,Flug,534,78,84,78,109,85,100,1,nein
6,CharizardMega Charizard X,Feuer,Drache,634,78,130,111,130,85,100,1,nein
6,CharizardMega Charizard Y,Feuer,Flug,634,78,104,78,159,115,100,1,nein
7,Squirtle,Wasser,,314,44,48,65,50,64,43,1,nein
8,Wartortle,Wasser,,405,59,63,80,65,80,58,1,nein
9,Blastoise,Wasser,,530,79,83,100,85,105,78,1,nein
9,BlastoiseMega Blastoise,Wasser,,630,79,103,120,135,115,78,1,nein
10,Caterpie,Käfer,,195,45,30,35,20,20,45,1,nein
11,Metapod,Käfer,,205,50,20,55,25,25,30,1,nein
12,Butterfree,Käfer,Flug,395,60,45,50,90,80,70,1,nein
13,Weedle,Käfer,Gift,195,40,35,30,20,20,50,1,nein
14,Kakuna,Käfer,Gift,205,45,25,50,25,25,35,1,nein
15,Beedrill,Käfer,Gift,395,65,90,40,45,80,75,1,nein
15,BeedrillMega Beedrill,Käfer,Gift,495,65,150,40,15,80,145,1,nein
16,Pidgey,Normal,Flug,251,40,45,40,35,35,56,1,nein
17,Pidgeotto,Normal,Flug,349,63,60,55,50,50,71,1,nein
18,Pidgeot,Normal,Flug,479,83,80,75,70,70,101,1,nein
18,PidgeotMega Pidgeot,Normal,Flug,579,83,80,80,135,80,121,1,nein
19,Rattata,Normal,,253,30,56,35,25,35,72,1,nein
20,Raticate,Normal,,413,55,81,60,50,70,97,1,nein
21,Spearow,Normal,Flug,262,40,60,30,31,31,70,1,nein
22,Fearow,Normal,Flug,442,65,90,65,61,61,100,1,nein
23,Ekans,Gift,,288,35,60,44,40,54,55,1,nein
24,Arbok,Gift,,438,60,85,69,65,79,80,1,nein
25,Pikachu,Elektro,,320,35,55,40,50,50,90,1,nein
26,Raichu,Elektro,,485,60,90,55,90,80,110,1,nein
27,Sandshrew,Boden,,300,50,75,85,20,30,40,1,nein
28,Sandslash,Boden,,450,75,100,110,45,55,65,1,nein
29,Nidoran♀,Gift,,275,55,47,52,40,40,41,1,nein
30,Nidorina,Gift,,365,70,62,67,55,55,56,1,nein
31,Nidoqueen,Gift,Boden,505,90,92,87,75,85,76,1,nein
32,Nidoran♂,Gift,,273,46,57,40,40,40,50,1,nein
33,Nidorino,Gift,,365,61,72,57,55,55,65,1,nein
34,Nidoking,Gift,Boden,505,81,102,77,85,75,85,1,nein
35,Clefairy,Fee,,323,70,45,48,60,65,35,1,nein
36,Clefable,Fee,,483,95,70,73,95,90,60,1,nein
37,Vulpix,Feuer,,299,38,41,40,50,65,65,1,nein
38,Ninetales,Feuer,,505,73,76,75,81,100,100,1,nein
39,Jigglypuff,Normal,Fee,270,115,45,20,45,25,20,1,nein
40,Wigglytuff,Normal,Fee,435,140,70,45,85,50,45,1,nein
41,Zubat,Gift,Flug,245,40,45,35,30,40,55,1,nein
42,Golbat,Gift,Flug,455,75,80,70,65,75,90,1,nein
43,Oddish,Pflanze,Gift,320,45,50,55,75,65,30,1,nein
44,Gloom,Pflanze,Gift,395,60,65,70,85,75,40,1,nein
45,Vileplume,Pflanze,Gift,490,75,80,85,110,90,50,1,nein
46,Paras,Käfer,Pflanze,285,35,70,55,45,55,25,1,nein
47,Parasect,Käfer,Pflanze,405,60,95,80,60,80,30,1,nein
48,Venonat,Käfer,Gift,305,60,55,50,40,55,45,1,nein
49,Venomoth,Käfer,Gift,450,70,65,60,90,75,90,1,nein
50,Diglett,Boden,,265,10,55,25,35,45,95,1,nein
51,Dugtrio,Boden,,405,35,80,50,50,70,120,1,nein
52,Meowth,Normal,,290,40,45,35,40,40,90,1,nein
53,Persian,Normal,,440,65,70,60,65,65,115,1,nein
54,Psyduck,Wasser,,320,50,52,48,65,50,55,1,nein
55,Golduck,Wasser,,500,80,82,78,95,80,85,1,nein
56,Mankey,Kampf,,305,40,80,35,35,45,70,1,nein
57,Primeape,Kampf,,455,65,105,60,60,70,95,1,nein
58,Growlithe,Feuer,,350,55,70,45,70,50,60,1,nein
59,Arcanine,Feuer,,555,90,110,80,100,80,95,1,nein
60,Poliwag,Wasser,,300,40,50,40,40,40,90,1,nein
61,Poliwhirl,Wasser,,385,65,65,65,50,50,90,1,nein
62,Poliwrath,Wasser,Kampf,510,90,95,95,70,90,70,1,nein
63,Abra,Psycho,,310,25,20,15,105,55,90,1,nein
64,Kadabra,Psycho,,400,40,35,30,120,70,105,1,nein
65,Alakazam,Psycho,,500,55,50,45,135,95,120,1,nein
65,AlakazamMega Alakazam,Psycho,,590,55,50,65,175,95,150,1,nein
66,Machop,Kampf,,305,70,80,50,35,35,35,1,nein
67,Machoke,Kampf,,405,80,100,70,50,60,45,1,nein
68,Machamp,Kampf,,505,90,130,80,65,85,55,1,nein
69,Bellsprout,Pflanze,Gift,300,50,75,35,70,30,40,1,nein
70,Weepinbell,Pflanze,Gift,390,65,90,50,85,45,55,1,nein
71,Victreebel,Pflanze,Gift,490,80,105,65,100,70,70,1,nein
72,Tentacool,Wasser,Gift,335,40,40,35,50,100,70,1,nein
73,Tentacruel,Wasser,Gift,515,80,70,65,80,120,100,1,nein
74,Geodude,Gestein,Boden,300,40,80,100,30,30,20,1,nein
75,Graveler,Gestein,Boden,390,55,95,115,45,45,35,1,nein
76,Golem,Gestein,Boden,495,80,120,130,55,65,45,1,nein
77,Ponyta,Feuer,,410,50,85,55,65,65,90,1,nein
78,Rapidash,Feuer,,500,65,100,70,80,80,105,1,nein
79,Slowpoke,Wasser,Psycho,315,90,65,65,40,40,15,1,nein
80,Slowbro,Wasser,Psycho,490,95,75,110,100,80,30,1,nein
80,SlowbroMega Slowbro,Wasser,Psycho,590,95,75,180,130,80,30,1,nein
81,Magnemite,Elektro,Stahl,325,25,35,70,95,55,45,1,nein
82,Magneton,Elektro,Stahl,465,50,60,95,120,70,70,1,nein
83,Farfetch'd,Normal,Flug,352,52,65,55,58,62,60,1,nein
84,Doduo,Normal,Flug,310,35,85,45,35,35,75,1,nein
85,Dodrio,Normal,Flug,460,60,110,70,60,60,100,1,nein
86,Seel,Wasser,,325,65,45,55,45,70,45,1,nein
87,Dewgong,Wasser,Eis,475,90,70,80,70,95,70,1,nein
88,Grimer,Gift,,325,80,80,50,40,50,25,1,nein
89,Muk,Gift,,500,105,105,75,65,100,50,1,nein
90,Shellder,Wasser,,305,30,65,100,45,25,40,1,nein
91,Cloyster,Wasser,Eis,525,50,95,180,85,45,70,1,nein
92,Gastly,Geist,Gift,310,30,35,30,100,35,80,1,nein
93,Haunter,Geist,Gift,405,45,50,45,115,55,95,1,nein
94,Gengar,Geist,Gift,500,60,65,60,130,75,110,1,nein
94,GengarMega Gengar,Geist,Gift,600,60,65,80,170,95,130,1,nein
95,Onix,Gestein,Boden,385,35,45,160,30,45,70,1,nein
96,Drowzee,Psycho,,328,60,48,45,43,90,42,1,nein
97,Hypno,Psycho,,483,85,73,70,73,115,67,1,nein
98,Krabby,Wasser,,325,30,105,90,25,25,50,1,nein
99,Kingler,Wasser,,475,55,130,115,50,50,75,1,nein
100,Voltorb,Elektro,,330,40,30,50,55,55,100,1,nein
101,Electrode,Elektro,,480,60,50,70,80,80,140,1,nein
102,Exeggcute,Pflanze,Psycho,325,60,40,80,60,45,40,1,nein
103,Exeggutor,Pflanze,Psycho,520,95,95,85,125,65,55,1,nein
104,Cubone,Boden,,320,50,50,95,40,50,35,1,nein
105,Marowak,Boden,,425,60,80,110,50,80,45,1,nein
106,Hitmonlee,Kampf,,455,50,120,53,35,110,87,1,nein
107,Hitmonchan,Kampf,,455,50,105,79,35,110,76,1,nein
108,Lickitung,Normal,,385,90,55,75,60,75,30,1,nein
109,Koffing,Gift,,340,40,65,95,60,45,35,1,nein
110,Weezing,Gift,,490,65,90,120,85,70,60,1,nein
111,Rhyhorn,Boden,Gestein,345,80,85,95,30,30,25,1,nein
112,Rhydon,Boden,Gestein,485,105,130,120,45,45,40,1,nein
113,Chansey,Normal,,450,250,5,5,35,105,50,1,nein
114,Tangela,Pflanze,,435,65,55,115,100,40,60,1,nein
115,Kangaskhan,Normal,,490,105,95,80,40,80,90,1,nein
115,KangaskhanMega Kangaskhan,Normal,,590,105,125,100,60,100,100,1,nein
116,Horsea,Wasser,,295,30,40,70,70,25,60,1,nein
117,Seadra,Wasser,,440,55,65,95,95,45,85,1,nein
118,Goldeen,Wasser,,320,45,67,60,35,50,63,1,nein
119,Seaking,Wasser,,450,80,92,65,65,80,68,1,nein
120,Staryu,Wasser,,340,30,45,55,70,55,85,1,nein
121,Starmie,Wasser,Psycho,520,60,75,85,100,85,115,1,nein
122,Mr. Mime,Psycho,Fee,460,40,45,65,100,120,90,1,nein
123,Scyther,Käfer,Flug,500,70,110,80,55,80,105,1,nein
124,Jynx,Eis,Psycho,455,65,50,35,115,95,95,1,nein
125,Electabuzz,Elektro,,490,65,83,57,95,85,105,1,nein
126,Magmar,Feuer,,495,65,95,57,100,85,93,1,nein
127,Pinsir,Käfer,,500,65,125,100,55,70,85,1,nein
127,PinsirMega Pinsir,Käfer,Flug,600,65,155,120,65,90,105,1,nein
128,Tauros,Normal,,490,75,100,95,40,70,110,1,nein
129,Magikarp,Wasser,,200,20,10,55,15,20,80,1,nein
130,Gyarados,Wasser,Flug,540,95,125,79,60,100,81,1,nein
130,GyaradosMega Gyarados,Wasser,Unlicht,640,95,155,109,70,130,81,1,nein
131,Lapras,Wasser,Eis,535,130,85,80,85,95,60,1,nein
132,Ditto,Normal,,288,48,48,48,48,48,48,1,nein
133,Eevee,Normal,,325,55,55,50,45,65,55,1,nein
134,Vaporeon,Wasser,,525,130,65,60,110,95,65,1,nein
135,Jolteon,Elektro,,525,65,65,60,110,95,130,1,nein
136,Flareon,Feuer,,525,65,130,60,95,110,65,1,nein
137,Porygon,Normal,,395,65,60,70,85,75,40,1,nein
138,Omanyte,Gestein,Wasser,355,35,40,100,90,55,35,1,nein
139,Omastar,Gestein,Wasser,495,70,60,125,115,70,55,1,nein
140,Kabuto,Gestein,Wasser,355,30,80,90,55,45,55,1,nein
141,Kabutops,Gestein,Wasser,495,60,115,105,65,70,80,1,nein
142,Aerodactyl,Gestein,Flug,515,80,105,65,60,75,130,1,nein
142,AerodactylMega Aerodactyl,Gestein,Flug,615,80,135,85,70,95,150,1,nein
143,Snorlax,Normal,,540,160,110,65,65,110,30,1,nein
144,Articuno,Eis,Flug,580,90,85,100,95,125,85,1,ja
145,Zapdos,Elektro,Flug,580,90,90,85,125,90,100,1,ja
146,Moltres,Feuer,Flug,580,90,100,90,125,85,90,1,ja
147,Dratini,Drache,,300,41,64,45,50,50,50,1,nein
148,Dragonair,Drache,,420,61,84,65,70,70,70,1,nein
149,Dragonite,Drache,Flug,600,91,134,95,100,100,80,1,nein
150,Mewtwo,Psycho,,680,106,110,90,154,90,130,1,ja
150,MewtwoMega Mewtwo X,Psycho,Kampf,780,106,190,100,154,100,130,1,ja
150,MewtwoMega Mewtwo Y,Psycho,,780,106,150,70,194,120,140,1,ja
151,Mew,Psycho,,600,100,100,100,100,100,100,1,nein
152,Chikorita,Pflanze,,318,45,49,65,49,65,45,2,nein
153,Bayleef,Pflanze,,405,60,62,80,63,80,60,2,nein
154,Meganium,Pflanze,,525,80,82,100,83,100,80,2,nein
155,Cyndaquil,Feuer,,309,39,52,43,60,50,65,2,nein
156,Quilava,Feuer,,405,58,64,58,80,65,80,2,nein
157,Typhlosion,Feuer,,534,78,84,78,109,85,100,2,nein
158,Totodile,Wasser,,314,50,65,64,44,48,43,2,nein
159,Croconaw,Wasser,,405,65,80,80,59,63,58,2,nein
160,Feraligatr,Wasser,,530,85,105,100,79,83,78,2,nein
161,Sentret,Normal,,215,35,46,34,35,45,20,2,nein
162,Furret,Normal,,415,85,76,64,45,55,90,2,nein
163,Hoothoot,Normal,Flug,262,60,30,30,36,56,50,2,nein
164,Noctowl,Normal,Flug,442,100,50,50,76,96,70,2,nein
165,Ledyba,Käfer,Flug,265,40,20,30,40,80,55,2,nein
166,Ledian,Käfer,Flug,390,55,35,50,55,110,85,2,nein
167,Spinarak,Käfer,Gift,250,40,60,40,40,40,30,2,nein
168,Ariados,Käfer,Gift,390,70,90,70,60,60,40,2,nein
169,Crobat,Gift,Flug,535,85,90,80,70,80,130,2,nein
170,Chinchou,Wasser,Elektro,330,75,38,38,56,56,67,2,nein
171,Lanturn,Wasser,Elektro,460,125,58,58,76,76,67,2,nein
172,Pichu,Elektro,,205,20,40,15,35,35,60,2,nein
173,Cleffa,Fee,,218,50,25,28,45,55,15,2,nein
174,Igglybuff,Normal,Fee,210,90,30,15,40,20,15,2,nein
175,Togepi,Fee,,245,35,20,65,40,65,20,2,nein
176,Togetic,Fee,Flug,405,55,40,85,80,105,40,2,nein
177,Natu,Psycho,Flug,320,40,50,45,70,45,70,2,nein
178,Xatu,Psycho,Flug,470,65,75,70,95,70,95,2,nein
179,Mareep,Elektro,,280,55,40,40,65,45,35,2,nein
180,Flaaffy,Elektro,,365,70,55,55,80,60,45,2,nein
181,Ampharos,Elektro,,510,90,75,85,115,90,55,2,nein
181,AmpharosMega Ampharos,Elektro,Drache,610,90,95,105,165,110,45,2,nein
182,Bellossom,Pflanze,,490,75,80,95,90,100,50,2,nein
183,Marill,Wasser,Fee,250,70,20,50,20,50,40,2,nein
184,Azumarill,Wasser,Fee,420,100,50,80,60,80,50,2,nein
185,Sudowoodo,Gestein,,410,70,100,115,30,65,30,2,nein
186,Politoed,Wasser,,500,90,75,75,90,100,70,2,nein
187,Hoppip,Pflanze,Flug,250,35,35,40,35,55,50,2,nein
188,Skiploom,Pflanze,Flug,340,55,45,50,45,65,80,2,nein
189,Jumpluff,Pflanze,Flug,460,75,55,70,55,95,110,2,nein
190,Aipom,Normal,,360,55,70,55,40,55,85,2,nein
191,Sunkern,Pflanze,,180,30,30,30,30,30,30,2,nein
192,Sunflora,Pflanze,,425,75,75,55,105,85,30,2,nein
193,Yanma,Käfer,Flug,390,65,65,45,75,45,95,2,nein
194,Wooper,Wasser,Boden,210,55,45,45,25,25,15,2,nein
195,Quagsire,Wasser,Boden,430,95,85,85,65,65,35,2,nein
196,Espeon,Psycho,,525,65,65,60,130,95,110,2,nein
197,Umbreon,Unlicht,,525,95,65,110,60,130,65,2,nein
198,Murkrow,Unlicht,Flug,405,60,85,42,85,42,91,2,nein
199,Slowking,Wasser,Psycho,490,95,75,80,100,110,30,2,nein
200,Misdreavus,Geist,,435,60,60,60,85,85,85,2,nein
201,Unown,Psycho,,336,48,72,48,72,48,48,2,nein
202,Wobbuffet,Psycho,,405,190,33,58,33,58,33,2,nein
203,Girafarig,Normal,Psycho,455,70,80,65,90,65,85,2,nein
204,Pineco,Käfer,,290,50,65,90,35,35,15,2,nein
205,Forretress,Käfer,Stahl,465,75,90,140,60,60,40,2,nein
206,Dunsparce,Normal,,415,100,70,70,65,65,45,2,nein
207,Gligar,Boden,Flug,430,65,75,105,35,65,85,2,nein
208,Steelix,Stahl,Boden,510,75,85,200,55,65,30,2,nein
208,SteelixMega Steelix,Stahl,Boden,610,75,125,230,55,95,30,2,nein
209,Snubbull,Fee,,300,60,80,50,40,40,30,2,nein
210,Granbull,Fee,,450,90,120,75,60,60,45,2,nein
211,Qwilfish,Wasser,Gift,430,65,95,75,55,55,85,2,nein
212,Scizor,Käfer,Stahl,500,70,130,100,55,80,65,2,nein
212,ScizorMega Scizor,Käfer,Stahl,600,70,150,140,65,100,75,2,nein
213,Shuckle,Käfer,Gestein,505,20,10,230,10,230,5,2,nein
214,Heracross,Käfer,Kampf,500,80,125,75,40,95,85,2,nein
214,HeracrossMega Heracross,Käfer,Kampf,600,80,185,115,40,105,75,2,nein
215,Sneasel,Unlicht,Eis,430,55,95,55,35,75,115,2,nein
216,Teddiursa,Normal,,330,60,80,50,50,50,40,2,nein
217,Ursaring,Normal,,500,90,130,75,75,75,55,2,nein
218,Slugma,Feuer,,250,40,40,40,70,40,20,2,nein
219,Magcargo,Feuer,Gestein,410,50,50,120,80,80,30,2,nein
220,Swinub,Eis,Boden,250,50,50,40,30,30,50,2,nein
221,Piloswine,Eis,Boden,450,100,100,80,60,60,50,2,nein
222,Corsola,Wasser,Gestein,380,55,55,85,65,85,35,2,nein
223,Remoraid,Wasser,,300,35,65,35,65,35,65,2,nein
224,Octillery,Wasser,,480,75,105,75,105,75,45,2,nein
225,Delibird,Eis,Flug,330,45,55,45,65,45,75,2,nein
226,Mantine,Wasser,Flug,465,65,40,70,80,140,70,2,nein
227,Skarmory,Stahl,Flug,465,65,80,140,40,70,70,2,nein
228,Houndour,Unlicht,Feuer,330,45,60,30,80,50,65,2,nein
229,Houndoom,Unlicht,Feuer,500,75,90,50,110,80,95,2,nein
229,HoundoomMega Houndoom,Unlicht,Feuer,600,75,90,90,140,90,115,2,nein
230,Kingdra,Wasser,Drache,540,75,95,95,95,95,85,2,nein
231,Phanpy,Boden,,330,90,60,60,40,40,40,2,nein
232,Donphan,Boden,,500,90,120,120,60,60,50,2,nein
233,Porygon2,Normal,,515,85,80,90,105,95,60,2,nein
234,Stantler,Normal,,465,73,95,62,85,65,85,2,nein
235,Smeargle,Normal,,250,55,20,35,20,45,75,2,nein
236,Tyrogue,Kampf,,210,35,35,35,35,35,35,2,nein
237,Hitmontop,Kampf,,455,50,95,95,35,110,70,2,nein
238,Smoochum,Eis,Psycho,305,45,30,15,85,65,65,2,nein
239,Elekid,Elektro,,360,45,63,37,65,55,95,2,nein
240,Magby,Feuer,,365,45,75,37,70,55,83,2,nein
241,Miltank,Normal,,490,95,80,105,40,70,100,2,nein
242,Blissey,Normal,,540,255,10,10,75,135,55,2,nein
243,Raikou,Elektro,,580,90,85,75,115,100,115,2,ja
244,Entei,Feuer,,580,115,115,85,90,75,100,2,ja
245,Suicune,Wasser,,580,100,75,115,90,115,85,2,ja
246,Larvitar,Gestein,Boden,300,50,64,50,45,50,41,2,nein
247,Pupitar,Gestein,Boden,410,70,84,70,65,70,51,2,nein
248,Tyranitar,Gestein,Unlicht,600,100,134,110,95,100,61,2,nein
248,TyranitarMega Tyranitar,Gestein,Unlicht,700,100,164,150,95,120,71,2,nein
249,Lugia,Psycho,Flug,680,106,90,130,90,154,110,2,ja
250,Ho-oh,Feuer,Flug,680,106,130,90,110,154,90,2,ja
251,Celebi,Psycho,Pflanze,600,100,100,100,100,100,100,2,nein
252,Treecko,Pflanze,,310,40,45,35,65,55,70,3,nein
253,Grovyle,Pflanze,,405,50,65,45,85,65,95,3,nein
254,Sceptile,Pflanze,,530,70,85,65,105,85,120,3,nein
254,SceptileMega Sceptile,Pflanze,Drache,630,70,110,75,145,85,145,3,nein
255,Torchic,Feuer,,310,45,60,40,70,50,45,3,nein
256,Combusken,Feuer,Kampf,405,60,85,60,85,60,55,3,nein
257,Blaziken,Feuer,Kampf,530,80,120,70,110,70,80,3,nein
257,BlazikenMega Blaziken,Feuer,Kampf,630,80,160,80,130,80,100,3,nein
258,Mudkip,Wasser,,310,50,70,50,50,50,40,3,nein
259,Marshtomp,Wasser,Boden,405,70,85,70,60,70,50,3,nein
260,Swampert,Wasser,Boden,535,100,110,90,85,90,60,3,nein
260,SwampertMega Swampert,Wasser,Boden,635,100,150,110,95,110,70,3,nein
261,Poochyena,Unlicht,,220,35,55,35,30,30,35,3,nein
262,Mightyena,Unlicht,,420,70,90,70,60,60,70,3,nein
263,Zigzagoon,Normal,,240,38,30,41,30,41,60,3,nein
264,Linoone,Normal,,420,78,70,61,50,61,100,3,nein
265,Wurmple,Käfer,,195,45,45,35,20,30,20,3,nein
266,Silcoon,Käfer,,205,50,35,55,25,25,15,3,nein
267,Beautifly,Käfer,Flug,395,60,70,50,100,50,65,3,nein
268,Cascoon,Käfer,,205,50,35,55,25,25,15,3,nein
269,Dustox,Käfer,Gift,385,60,50,70,50,90,65,3,nein
270,Lotad,Wasser,Pflanze,220,40,30,30,40,50,30,3,nein
271,Lombre,Wasser,Pflanze,340,60,50,50,60,70,50,3,nein
272,Ludicolo,Wasser,Pflanze,480,80,70,70,90,100,70,3,nein
273,Seedot,Pflanze,,220,40,40,50,30,30,30,3,nein
274,Nuzleaf,Pflanze,Unlicht,340,70,70,40,60,40,60,3,nein
275,Shiftry,Pflanze,Unlicht,480,90,100,60,90,60,80,3,nein
276,Taillow,Normal,Flug,270,40,55,30,30,30,85,3,nein
277,Swellow,Normal,Flug,430,60,85,60,50,50,125,3,nein
278,Wingull,Wasser,Flug,270,40,30,30,55,30,85,3,nein
279,Pelipper,Wasser,Flug,430,60,50,100,85,70,65,3,nein
280,Ralts,Psycho,Fee,198,28,25,25,45,35,40,3,nein
281,Kirlia,Psycho,Fee,278,38,35,35,65,55,50,3,nein
282,Gardevoir,Psycho,Fee,518,68,65,65,125,115,80,3,nein
282,GardevoirMega Gardevoir,Psycho,Fee,618,68,85,65,165,135,100,3,nein
283,Surskit,Käfer,Wasser,269,40,30,32,50,52,65,3,nein
284,Masquerain,Käfer,Flug,414,70,60,62,80,82,60,3,nein
285,Shroomish,Pflanze,,295,60,40,60,40,60,35,3,nein
286,Breloom,Pflanze,Kampf,460,60,130,80,60,60,70,3,nein
287,Slakoth,Normal,,280,60,60,60,35,35,30,3,nein
288,Vigoroth,Normal,,440,80,80,80,55,55,90,3,nein
289,Slaking,Normal,,670,150,160,100,95,65,100,3,nein
290,Nincada,Käfer,Boden,266,31,45,90,30,30,40,3,nein
291,Ninjask,Käfer,Flug,456,61,90,45,50,50,160,3,nein
292,Shedinja,Käfer,Geist,236,1,90,45,30,30,40,3,nein
293,Whismur,Normal,,240,64,51,23,51,23,28,3,nein
294,Loudred,Normal,,360,84,71,43,71,43,48,3,nein
295,Exploud,Normal,,490,104,91,63,91,73,68,3,nein
296,Makuhita,Kampf,,237,72,60,30,20,30,25,3,nein
297,Hariyama,Kampf,,474,144,120,60,40,60,50,3,nein
298,Azurill,Normal,Fee,190,50,20,40,20,40,20,3,nein
299,Nosepass,Gestein,,375,30,45,135,45,90,30,3,nein
300,Skitty,Normal,,260,50,45,45,35,35,50,3,nein
301,Delcatty,Normal,,380,70,65,65,55,55,70,3,nein
302,Sableye,Unlicht,Geist,380,50,75,75,65,65,50,3,nein
302,SableyeMega Sableye,Unlicht,Geist,480,50,85,125,85,115,20,3,nein
303,Mawile,Stahl,Fee,380,50,85,85,55,55,50,3,nein
303,MawileMega Mawile,Stahl,Fee,480,50,105,125,55,95,50,3,nein
304,Aron,Stahl,Gestein,330,50,70,100,40,40,30,3,nein
305,Lairon,Stahl,Gestein,430,60,90,140,50,50,40,3,nein
306,Aggron,Stahl,Gestein,530,70,110,180,60,60,50,3,nein
306,AggronMega Aggron,Stahl,,630,70,140,230,60,80,50,3,nein
307,Meditite,Kampf,Psycho,280,30,40,55,40,55,60,3,nein
308,Medicham,Kampf,Psycho,410,60,60,75,60,75,80,3,nein
308,MedichamMega Medicham,Kampf,Psycho,510,60,100,85,80,85,100,3,nein
309,Electrike,Elektro,,295,40,45,40,65,40,65,3,nein
310,Manectric,Elektro,,475,70,75,60,105,60,105,3,nein
310,ManectricMega Manectric,Elektro,,575,70,75,80,135,80,135,3,nein
311,Plusle,Elektro,,405,60,50,40,85,75,95,3,nein
312,Minun,Elektro,,405,60,40,50,75,85,95,3,nein
313,Volbeat,Käfer,,400,65,73,55,47,75,85,3,nein
314,Illumise,Käfer,,400,65,47,55,73,75,85,3,nein
315,Roselia,Pflanze,Gift,400,50,60,45,100,80,65,3,nein
316,Gulpin,Gift,,302,70,43,53,43,53,40,3,nein
317,Swalot,Gift,,467,100,73,83,73,83,55,3,nein
318,Carvanha,Wasser,Unlicht,305,45,90,20,65,20,65,3,nein
319,Sharpedo,Wasser,Unlicht,460,70,120,40,95,40,95,3,nein
319,SharpedoMega Sharpedo,Wasser,Unlicht,560,70,140,70,110,65,105,3,nein
320,Wailmer,Wasser,,400,130,70,35,70,35,60,3,nein
321,Wailord,Wasser,,500,170,90,45,90,45,60,3,nein
322,Numel,Feuer,Boden,305,60,60,40,65,45,35,3,nein
323,Camerupt,Feuer,Boden,460,70,100,70,105,75,40,3,nein
323,CameruptMega Camerupt,Feuer,Boden,560,70,120,100,145,105,20,3,nein
324,Torkoal,Feuer,,470,70,85,140,85,70,20,3,nein
325,Spoink,Psycho,,330,60,25,35,70,80,60,3,nein
326,Grumpig,Psycho,,470,80,45,65,90,110,80,3,nein
327,Spinda,Normal,,360,60,60,60,60,60,60,3,nein
328,Trapinch,Boden,,290,45,100,45,45,45,10,3,nein
329,Vibrava,Boden,Drache,340,50,70,50,50,50,70,3,nein
330,Flygon,Boden,Drache,520,80,100,80,80,80,100,3,nein
331,Cacnea,Pflanze,,335,50,85,40,85,40,35,3,nein
332,Cacturne,Pflanze,Unlicht,475,70,115,60,115,60,55,3,nein
333,Swablu,Normal,Flug,310,45,40,60,40,75,50,3,nein
334,Altaria,Drache,Flug,490,75,70,90,70,105,80,3,nein
334,AltariaMega Altaria,Drache,Fee,590,75,110,110,110,105,80,3,nein
335,Zangoose,Normal,,458,73,115,60,60,60,90,3,nein
336,Seviper,Gift,,458,73,100,60,100,60,65,3,nein
337,Lunatone,Gestein,Psycho,440,70,55,65,95,85,70,3,nein
338,Solrock,Gestein,Psycho,440,70,95,85,55,65,70,3,nein
339,Barboach,Wasser,Boden,288,50,48,43,46,41,60,3,nein
340,Whiscash,Wasser,Boden,468,110,78,73,76,71,60,3,nein
341,Corphish,Wasser,,308,43,80,65,50,35,35,3,nein
342,Crawdaunt,Wasser,Unlicht,468,63,120,85,90,55,55,3,nein
343,Baltoy,Boden,Psycho,300,40,40,55,40,70,55,3,nein
344,Claydol,Boden,Psycho,500,60,70,105,70,120,75,3,nein
345,Lileep,Gestein,Pflanze,355,66,41,77,61,87,23,3,nein
346,Cradily,Gestein,Pflanze,495,86,81,97,81,107,43,3,nein
347,Anorith,Gestein,Käfer,355,45,95,50,40,50,75,3,nein
348,Armaldo,Gestein,Käfer,495,75,125,100,70,80,45,3,nein
349,Feebas,Wasser,,200,20,15,20,10,55,80,3,nein
350,Milotic,Wasser,,540,95,60,79,100,125,81,3,nein
351,Castform,Normal,,420,70,70,70,70,70,70,3,nein
352,Kecleon,Normal,,440,60,90,70,60,120,40,3,nein
353,Shuppet,Geist,,295,44,75,35,63,33,45,3,nein
354,Banette,Geist,,455,64,115,65,83,63,65,3,nein
354,BanetteMega Banette,Geist,,555,64,165,75,93,83,75,3,nein
355,Duskull,Geist,,295,20,40,90,30,90,25,3,nein
356,Dusclops,Geist,,455,40,70,130,60,130,25,3,nein
357,Tropius,Pflanze,Flug,460,99,68,83,72,87,51,3,nein
358,Chimecho,Psycho,,425,65,50,70,95,80,65,3,nein
359,Absol,Unlicht,,465,65,130,60,75,60,75,3,nein
359,AbsolMega Absol,Unlicht,,565,65,150,60,115,60,115,3,nein
360,Wynaut,Psycho,,260,95,23,48,23,48,23,3,nein
361,Snorunt,Eis,,300,50,50,50,50,50,50,3,nein
362,Glalie,Eis,,480,80,80,80,80,80,80,3,nein
362,GlalieMega Glalie,Eis,,580,80,120,80,120,80,100,3,nein
363,Spheal,Eis,Wasser,290,70,40,50,55,50,25,3,nein
364,Sealeo,Eis,Wasser,410,90,60,70,75,70,45,3,nein
365,Walrein,Eis,Wasser,530,110,80,90,95,90,65,3,nein
366,Clamperl,Wasser,,345,35,64,85,74,55,32,3,nein
367,Huntail,Wasser,,485,55,104,105,94,75,52,3,nein
368,Gorebyss,Wasser,,485,55,84,105,114,75,52,3,nein
369,Relicanth,Wasser,Gestein,485,100,90,130,45,65,55,3,nein
370,Luvdisc,Wasser,,330,43,30,55,40,65,97,3,nein
371,Bagon,Drache,,300,45,75,60,40,30,50,3,nein
372,Shelgon,Drache,,420,65,95,100,60,50,50,3,nein
373,Salamence,Drache,Flug,600,95,135,80,110,80,100,3,nein
373,SalamenceMega Salamence,Drache,Flug,700,95,145,130,120,90,120,3,nein
374,Beldum,Stahl,Psycho,300,40,55,80,35,60,30,3,nein
375,Metang,Stahl,Psycho,420,60,75,100,55,80,50,3,nein
376,Metagross,Stahl,Psycho,600,80,135,130,95,90,70,3,nein
376,MetagrossMega Metagross,Stahl,Psycho,700,80,145,150,105,110,110,3,nein
377,Regirock,Gestein,,580,80,100,200,50,100,50,3,ja
378,Regice,Eis,,580,80,50,100,100,200,50,3,ja
379,Registeel,Stahl,,580,80,75,150,75,150,50,3,ja
380,Latias,Drache,Psycho,600,80,80,90,110,130,110,3,ja
380,LatiasMega Latias,Drache,Psycho,700,80,100,120,140,150,110,3,ja
381,Latios,Drache,Psycho,600,80,90,80,130,110,110,3,ja
381,LatiosMega Latios,Drache,Psycho,700,80,130,100,160,120,110,3,ja
382,Kyogre,Wasser,,670,100,100,90,150,140,90,3,ja
382,KyogrePrimal Kyogre,Wasser,,770,100,150,90,180,160,90,3,ja
383,Groudon,Boden,,670,100,150,140,100,90,90,3,ja
383,GroudonPrimal Groudon,Boden,Feuer,770,100,180,160,150,90,90,3,ja
384,Rayquaza,Drache,Flug,680,105,150,90,150,90,95,3,ja
384,RayquazaMega Rayquaza,Drache,Flug,780,105,180,100,180,100,115,3,ja
385,Jirachi,Stahl,Psycho,600,100,100,100,100,100,100,3,ja
386,DeoxysNormal Forme,Psycho,,600,50,150,50,150,50,150,3,ja
386,DeoxysAttack Forme,Psycho,,600,50,180,20,180,20,150,3,ja
386,DeoxysDefense Forme,Psycho,,600,50,70,160,70,160,90,3,ja
386,DeoxysSpeed Forme,Psycho,,600,50,95,90,95,90,180,3,ja
387,Turtwig,Pflanze,,318,55,68,64,45,55,31,4,nein
388,Grotle,Pflanze,,405,75,89,85,55,65,36,4,nein
389,Torterra,Pflanze,Boden,525,95,109,105,75,85,56,4,nein
390,Chimchar,Feuer,,309,44,58,44,58,44,61,4,nein
391,Monferno,Feuer,Kampf,405,64,78,52,78,52,81,4,nein
392,Infernape,Feuer,Kampf,534,76,104,71,104,71,108,4,nein
393,Piplup,Wasser,,314,53,51,53,61,56,40,4,nein
394,Prinplup,Wasser,,405,64,66,68,81,76,50,4,nein
395,Empoleon,Wasser,Stahl,530,84,86,88,111,101,60,4,nein
396,Starly,Normal,Flug,245,40,55,30,30,30,60,4,nein
397,Staravia,Normal,Flug,340,55,75,50,40,40,80,4,nein
398,Staraptor,Normal,Flug,485,85,120,70,50,60,100,4,nein
399,Bidoof,Normal,,250,59,45,40,35,40,31,4,nein
400,Bibarel,Normal,Wasser,410,79,85,60,55,60,71,4,nein
401,Kricketot,Käfer,,194,37,25,41,25,41,25,4,nein
402,Kricketune,Käfer,,384,77,85,51,55,51,65,4,nein
403,Shinx,Elektro,,263,45,65,34,40,34,45,4,nein
404,Luxio,Elektro,,363,60,85,49,60,49,60,4,nein
405,Luxray,Elektro,,523,80,120,79,95,79,70,4,nein
406,Budew,Pflanze,Gift,280,40,30,35,50,70,55,4,nein
407,Roserade,Pflanze,Gift,515,60,70,65,125,105,90,4,nein
408,Cranidos,Gestein,,350,67,125,40,30,30,58,4,nein
409,Rampardos,Gestein,,495,97,165,60,65,50,58,4,nein
410,Shieldon,Gestein,Stahl,350,30,42,118,42,88,30,4,nein
411,Bastiodon,Gestein,Stahl,495,60,52,168,47,138,30,4,nein
412,Burmy,Käfer,,224,40,29,45,29,45,36,4,nein
413,WormadamPlant Cloak,Käfer,Pflanze,424,60,59,85,79,105,36,4,nein
413,WormadamSandy Cloak,Käfer,Boden,424,60,79,105,59,85,36,4,nein
413,WormadamTrash Cloak,Käfer,Stahl,424,60,69,95,69,95,36,4,nein
414,Mothim,Käfer,Flug,424,70,94,50,94,50,66,4,nein
415,Combee,Käfer,Flug,244,30,30,42,30,42,70,4,nein
416,Vespiquen,Käfer,Flug,474,70,80,102,80,102,40,4,nein
417,Pachirisu,Elektro,,405,60,45,70,45,90,95,4,nein
418,Buizel,Wasser,,330,55,65,35,60,30,85,4,nein
419,Floatzel,Wasser,,495,85,105,55,85,50,115,4,nein
420,Cherubi,Pflanze,,275,45,35,45,62,53,35,4,nein
421,Cherrim,Pflanze,,450,70,60,70,87,78,85,4,nein
422,Shellos,Wasser,,325,76,48,48,57,62,34,4,nein
423,Gastrodon,Wasser,Boden,475,111,83,68,92,82,39,4,nein
424,Ambipom,Normal,,482,75,100,66,60,66,115,4,nein
425,Drifloon,Geist,Flug,348,90,50,34,60,44,70,4,nein
426,Drifblim,Geist,Flug,498,150,80,44,90,54,80,4,nein
427,Buneary,Normal,,350,55,66,44,44,56,85,4,nein
428,Lopunny,Normal,,480,65,76,84,54,96,105,4,nein
428,LopunnyMega Lopunny,Normal,Kampf,580,65,136,94,54,96,135,4,nein
429,Mismagius,Geist,,495,60,60,60,105,105,105,4,nein
430,Honchkrow,Unlicht,Flug,505,100,125,52,105,52,71,4,nein
431,Glameow,Normal,,310,49,55,42,42,37,85,4,nein
432,Purugly,Normal,,452,71,82,64,64,59,112,4,nein
433,Chingling,Psycho,,285,45,30,50,65,50,45,4,nein
434,Stunky,Gift,Unlicht,329,63,63,47,41,41,74,4,nein
435,Skuntank,Gift,Unlicht,479,103,93,67,71,61,84,4,nein
436,Bronzor,Stahl,Psycho,300,57,24,86,24,86,23,4,nein
437,Bronzong,Stahl,Psycho,500,67,89,116,79,116,33,4,nein
438,Bonsly,Gestein,,290,50,80,95,10,45,10,4,nein
439,Mime Jr.,Psycho,Fee,310,20,25,45,70,90,60,4,nein
440,Happiny,Normal,,220,100,5,5,15,65,30,4,nein
441,Chatot,Normal,Flug,411,76,65,45,92,42,91,4,nein
442,Spiritomb,Geist,Unlicht,485,50,92,108,92,108,35,4,nein
443,Gible,Drache,Boden,300,58,70,45,40,45,42,4,nein
444,Gabite,Drache,Boden,410,68,90,65,50,55,82,4,nein
445,Garchomp,Drache,Boden,600,108,130,95,80,85,102,4,nein
445,GarchompMega Garchomp,Drache,Boden,700,108,170,115,120,95,92,4,nein
446,Munchlax,Normal,,390,135,85,40,40,85,5,4,nein
447,Riolu,Kampf,,285,40,70,40,35,40,60,4,nein
448,Lucario,Kampf,Stahl,525,70,110,70,115,70,90,4,nein
448,LucarioMega Lucario,Kampf,Stahl,625,70,145,88,140,70,112,4,nein
449,Hippopotas,Boden,,330,68,72,78,38,42,32,4,nein
450,Hippowdon,Boden,,525,108,112,118,68,72,47,4,nein
451,Skorupi,Gift,Käfer,330,40,50,90,30,55,65,4,nein
452,Drapion,Gift,Unlicht,500,70,90,110,60,75,95,4,nein
453,Croagunk,Gift,Kampf,300,48,61,40,61,40,50,4,nein
454,Toxicroak,Gift,Kampf,490,83,106,65,86,65,85,4,nein
455,Carnivine,Pflanze,,454,74,100,72,90,72,46,4,nein
456,Finneon,Wasser,,330,49,49,56,49,61,66,4,nein
457,Lumineon,Wasser,,460,69,69,76,69,86,91,4,nein
458,Mantyke,Wasser,Flug,345,45,20,50,60,120,50,4,nein
459,Snover,Pflanze,Eis,334,60,62,50,62,60,40,4,nein
460,Abomasnow,Pflanze,Eis,494,90,92,75,92,85,60,4,nein
460,AbomasnowMega Abomasnow,Pflanze,Eis,594,90,132,105,132,105,30,4,nein
461,Weavile,Unlicht,Eis,510,70,120,65,45,85,125,4,nein
462,Magnezone,Elektro,Stahl,535,70,70,115,130,90,60,4,nein
463,Lickilicky,Normal,,515,110,85,95,80,95,50,4,nein
464,Rhyperior,Boden,Gestein,535,115,140,130,55,55,40,4,nein
465,Tangrowth,Pflanze,,535,100,100,125,110,50,50,4,nein
466,Electivire,Elektro,,540,75,123,67,95,85,95,4,nein
467,Magmortar,Feuer,,540,75,95,67,125,95,83,4,nein
468,Togekiss,Fee,Flug,545,85,50,95,120,115,80,4,nein
469,Yanmega,Käfer,Flug,515,86,76,86,116,56,95,4,nein
470,Leafeon,Pflanze,,525,65,110,130,60,65,95,4,nein
471,Glaceon,Eis,,525,65,60,110,130,95,65,4,nein
472,Gliscor,Boden,Flug,510,75,95,125,45,75,95,4,nein
473,Mamoswine,Eis,Boden,530,110,130,80,70,60,80,4,nein
474,Porygon-Z,Normal,,535,85,80,70,135,75,90,4,nein
475,Gallade,Psycho,Kampf,518,68,125,65,65,115,80,4,nein
475,GalladeMega Gallade,Psycho,Kampf,618,68,165,95,65,115,110,4,nein
476,Probopass,Gestein,Stahl,525,60,55,145,75,150,40,4,nein
477,Dusknoir,Geist,,525,45,100,135,65,135,45,4,nein
478,Froslass,Eis,Geist,480,70,80,70,80,70,110,4,nein
479,Rotom,Elektro,Geist,440,50,50,77,95,77,91,4,nein
479,RotomHeat Rotom,Elektro,Feuer,520,50,65,107,105,107,86,4,nein
479,RotomWash Rotom,Elektro,Wasser,520,50,65,107,105,107,86,4,nein
479,RotomFrost Rotom,Elektro,Eis,520,50,65,107,105,107,86,4,nein
479,RotomFan Rotom,Elektro,Flug,520,50,65,107,105,107,86,4,nein
479,RotomMow Rotom,Elektro,Pflanze,520,50,65,107,105,107,86,4,nein
480,Uxie,Psycho,,580,75,75,130,75,130,95,4,ja
481,Mesprit,Psycho,,580,80,105,105,105,105,80,4,ja
482,Azelf,Psycho,,580,75,125,70,125,70,115,4,ja
483,Dialga,Stahl,Drache,680,100,120,120,150,100,90,4,ja
484,Palkia,Wasser,Drache,680,90,120,100,150,120,100,4,ja
485,Heatran,Feuer,Stahl,600,91,90,106,130,106,77,4,ja
486,Regigigas,Normal,,670,110,160,110,80,110,100,4,ja
487,GiratinaAltered Forme,Geist,Drache,680,150,100,120,100,120,90,4,ja
487,GiratinaOrigin Forme,Geist,Drache,680,150,120,100,120,100,90,4,ja
488,Cresselia,Psycho,,600,120,70,120,75,130,85,4,nein
489,Phione,Wasser,,480,80,80,80,80,80,80,4,nein
490,Manaphy,Wasser,,600,100,100,100,100,100,100,4,nein
491,Darkrai,Unlicht,,600,70,90,90,135,90,125,4,ja
492,ShayminLand Forme,Pflanze,,600,100,100,100,100,100,100,4,ja
492,ShayminSky Forme,Pflanze,Flug,600,100,103,75,120,75,127,4,ja
493,Arceus,Normal,,720,120,120,120,120,120,120,4,ja
494,Victini,Psycho,Feuer,600,100,100,100,100,100,100,5,ja
495,Snivy,Pflanze,,308,45,45,55,45,55,63,5,nein
496,Servine,Pflanze,,413,60,60,75,60,75,83,5,nein
497,Serperior,Pflanze,,528,75,75,95,75,95,113,5,nein
498,Tepig,Feuer,,308,65,63,45,45,45,45,5,nein
499,Pignite,Feuer,Kampf,418,90,93,55,70,55,55,5,nein
500,Emboar,Feuer,Kampf,528,110,123,65,100,65,65,5,nein
501,Oshawott,Wasser,,308,55,55,45,63,45,45,5,nein
502,Dewott,Wasser,,413,75,75,60,83,60,60,5,nein
503,Samurott,Wasser,,528,95,100,85,108,70,70,5,nein
504,Patrat,Normal,,255,45,55,39,35,39,42,5,nein
505,Watchog,Normal,,420,60,85,69,60,69,77,5,nein
506,Lillipup,Normal,,275,45,60,45,25,45,55,5,nein
507,Herdier,Normal,,370,65,80,65,35,65,60,5,nein
508,Stoutland,Normal,,500,85,110,90,45,90,80,5,nein
509,Purrloin,Unlicht,,281,41,50,37,50,37,66,5,nein
510,Liepard,Unlicht,,446,64,88,50,88,50,106,5,nein
511,Pansage,Pflanze,,316,50,53,48,53,48,64,5,nein
512,Simisage,Pflanze,,498,75,98,63,98,63,101,5,nein
513,Pansear,Feuer,,316,50,53,48,53,48,64,5,nein
514,Simisear,Feuer,,498,75,98,63,98,63,101,5,nein
515,Panpour,Wasser,,316,50,53,48,53,48,64,5,nein
516,Simipour,Wasser,,498,75,98,63,98,63,101,5,nein
517,Munna,Psycho,,292,76,25,45,67,55,24,5,nein
518,Musharna,Psycho,,487,116,55,85,107,95,29,5,nein
519,Pidove,Normal,Flug,264,50,55,50,36,30,43,5,nein
520,Tranquill,Normal,Flug,358,62,77,62,50,42,65,5,nein
521,Unfezant,Normal,Flug,488,80,115,80,65,55,93,5,nein
522,Blitzle,Elektro,,295,45,60,32,50,32,76,5,nein
523,Zebstrika,Elektro,,497,75,100,63,80,63,116,5,nein
524,Roggenrola,Gestein,,280,55,75,85,25,25,15,5,nein
525,Boldore,Gestein,,390,70,105,105,50,40,20,5,nein
526,Gigalith,Gestein,,515,85,135,130,60,80,25,5,nein
527,Woobat,Psycho,Flug,313,55,45,43,55,43,72,5,nein
528,Swoobat,Psycho,Flug,425,67,57,55,77,55,114,5,nein
529,Drilbur,Boden,,328,60,85,40,30,45,68,5,nein
530,Excadrill,Boden,Stahl,508,110,135,60,50,65,88,5,nein
531,Audino,Normal,,445,103,60,86,60,86,50,5,nein
531,AudinoMega Audino,Normal,Fee,545,103,60,126,80,126,50,5,nein
532,Timburr,Kampf,,305,75,80,55,25,35,35,5,nein
533,Gurdurr,Kampf,,405,85,105,85,40,50,40,5,nein
534,Conkeldurr,Kampf,,505,105,140,95,55,65,45,5,nein
535,Tympole,Wasser,,294,50,50,40,50,40,64,5,nein
536,Palpitoad,Wasser,Boden,384,75,65,55,65,55,69,5,nein
537,Seismitoad,Wasser,Boden,509,105,95,75,85,75,74,5,nein
538,Throh,Kampf,,465,120,100,85,30,85,45,5,nein
539,Sawk,Kampf,,465,75,125,75,30,75,85,5,nein
540,Sewaddle,Käfer,Pflanze,310,45,53,70,40,60,42,5,nein
541,Swadloon,Käfer,Pflanze,380,55,63,90,50,80,42,5,nein
542,Leavanny,Käfer,Pflanze,500,75,103,80,70,80,92,5,nein
543,Venipede,Käfer,Gift,260,30,45,59,30,39,57,5,nein
544,Whirlipede,Käfer,Gift,360,40,55,99,40,79,47,5,nein
545,Scolipede,Käfer,Gift,485,60,100,89,55,69,112,5,nein
546,Cottonee,Pflanze,Fee,280,40,27,60,37,50,66,5,nein
547,Whimsicott,Pflanze,Fee,480,60,67,85,77,75,116,5,nein
548,Petilil,Pflanze,,280,45,35,50,70,50,30,5,nein
549,Lilligant,Pflanze,,480,70,60,75,110,75,90,5,nein
550,Basculin,Wasser,,460,70,92,65,80,55,98,5,nein
551,Sandile,Boden,Unlicht,292,50,72,35,35,35,65,5,nein
552,Krokorok,Boden,Unlicht,351,60,82,45,45,45,74,5,nein
553,Krookodile,Boden,Unlicht,519,95,117,80,65,70,92,5,nein
554,Darumaka,Feuer,,315,70,90,45,15,45,50,5,nein
555,DarmanitanStandard Mode,Feuer,,480,105,140,55,30,55,95,5,nein
555,DarmanitanZen Mode,Feuer,Psycho,540,105,30,105,140,105,55,5,nein
556,Maractus,Pflanze,,461,75,86,67,106,67,60,5,nein
557,Dwebble,Käfer,Gestein,325,50,65,85,35,35,55,5,nein
558,Crustle,Käfer,Gestein,475,70,95,125,65,75,45,5,nein
559,Scraggy,Unlicht,Kampf,348,50,75,70,35,70,48,5,nein
560,Scrafty,Unlicht,Kampf,488,65,90,115,45,115,58,5,nein
561,Sigilyph,Psycho,Flug,490,72,58,80,103,80,97,5,nein
562,Yamask,Geist,,303,38,30,85,55,65,30,5,nein
563,Cofagrigus,Geist,,483,58,50,145,95,105,30,5,nein
564,Tirtouga,Wasser,Gestein,355,54,78,103,53,45,22,5,nein
565,Carracosta,Wasser,Gestein,495,74,108,133,83,65,32,5,nein
566,Archen,Gestein,Flug,401,55,112,45,74,45,70,5,nein
567,Archeops,Gestein,Flug,567,75,140,65,112,65,110,5,nein
568,Trubbish,Gift,,329,50,50,62,40,62,65,5,nein
569,Garbodor,Gift,,474,80,95,82,60,82,75,5,nein
570,Zorua,Unlicht,,330,40,65,40,80,40,65,5,nein
571,Zoroark,Unlicht,,510,60,105,60,120,60,105,5,nein
572,Minccino,Normal,,300,55,50,40,40,40,75,5,nein
573,Cinccino,Normal,,470,75,95,60,65,60,115,5,nein
574,Gothita,Psycho,,290,45,30,50,55,65,45,5,nein
575,Gothorita,Psycho,,390,60,45,70,75,85,55,5,nein
576,Gothitelle,Psycho,,490,70,55,95,95,110,65,5,nein
577,Solosis,Psycho,,290,45,30,40,105,50,20,5,nein
578,Duosion,Psycho,,370,65,40,50,125,60,30,5,nein
579,Reuniclus,Psycho,,490,110,65,75,125,85,30,5,nein
580,Ducklett,Wasser,Flug,305,62,44,50,44,50,55,5,nein
581,Swanna,Wasser,Flug,473,75,87,63,87,63,98,5,nein
582,Vanillite,Eis,,305,36,50,50,65,60,44,5,nein
583,Vanillish,Eis,,395,51,65,65,80,75,59,5,nein
584,Vanilluxe,Eis,,535,71,95,85,110,95,79,5,nein
585,Deerling,Normal,Pflanze,335,60,60,50,40,50,75,5,nein
586,Sawsbuck,Normal,Pflanze,475,80,100,70,60,70,95,5,nein
587,Emolga,Elektro,Flug,428,55,75,60,75,60,103,5,nein
588,Karrablast,Käfer,,315,50,75,45,40,45,60,5,nein
589,Escavalier,Käfer,Stahl,495,70,135,105,60,105,20,5,nein
590,Foongus,Pflanze,Gift,294,69,55,45,55,55,15,5,nein
591,Amoonguss,Pflanze,Gift,464,114,85,70,85,80,30,5,nein
592,Frillish,Wasser,Geist,335,55,40,50,65,85,40,5,nein
593,Jellicent,Wasser,Geist,480,100,60,70,85,105,60,5,nein
594,Alomomola,Wasser,,470,165,75,80,40,45,65,5,nein
595,Joltik,Käfer,Elektro,319,50,47,50,57,50,65,5,nein
596,Galvantula,Käfer,Elektro,472,70,77,60,97,60,108,5,nein
597,Ferroseed,Pflanze,Stahl,305,44,50,91,24,86,10,5,nein
598,Ferrothorn,Pflanze,Stahl,489,74,94,131,54,116,20,5,nein
599,Klink,Stahl,,300,40,55,70,45,60,30,5,nein
600,Klang,Stahl,,440,60,80,95,70,85,50,5,nein
601,Klinklang,Stahl,,520,60,100,115,70,85,90,5,nein
602,Tynamo,Elektro,,275,35,55,40,45,40,60,5,nein
603,Eelektrik,Elektro,,405,65,85,70,75,70,40,5,nein
604,Eelektross,Elektro,,515,85,115,80,105,80,50,5,nein
605,Elgyem,Psycho,,335,55,55,55,85,55,30,5,nein
606,Beheeyem,Psycho,,485,75,75,75,125,95,40,5,nein
607,Litwick,Geist,Feuer,275,50,30,55,65,55,20,5,nein
608,Lampent,Geist,Feuer,370,60,40,60,95,60,55,5,nein
609,Chandelure,Geist,Feuer,520,60,55,90,145,90,80,5,nein
610,Axew,Drache,,320,46,87,60,30,40,57,5,nein
611,Fraxure,Drache,,410,66,117,70,40,50,67,5,nein
612,Haxorus,Drache,,540,76,147,90,60,70,97,5,nein
613,Cubchoo,Eis,,305,55,70,40,60,40,40,5,nein
614,Beartic,Eis,,485,95,110,80,70,80,50,5,nein
615,Cryogonal,Eis,,485,70,50,30,95,135,105,5,nein
616,Shelmet,Käfer,,305,50,40,85,40,65,25,5,nein
617,Accelgor,Käfer,,495,80,70,40,100,60,145,5,nein
618,Stunfisk,Boden,Elektro,471,109,66,84,81,99,32,5,nein
619,Mienfoo,Kampf,,350,45,85,50,55,50,65,5,nein
620,Mienshao,Kampf,,510,65,125,60,95,60,105,5,nein
621,Druddigon,Drache,,485,77,120,90,60,90,48,5,nein
622,Golett,Boden,Geist,303,59,74,50,35,50,35,5,nein
623,Golurk,Boden,Geist,483,89,124,80,55,80,55,5,nein
624,Pawniard,Unlicht,Stahl,340,45,85,70,40,40,60,5,nein
625,Bisharp,Unlicht,Stahl,490,65,125,100,60,70,70,5,nein
626,Bouffalant,Normal,,490,95,110,95,40,95,55,5,nein
627,Rufflet,Normal,Flug,350,70,83,50,37,50,60,5,nein
628,Braviary,Normal,Flug,510,100,123,75,57,75,80,5,nein
629,Vullaby,Unlicht,Flug,370,70,55,75,45,65,60,5,nein
630,Mandibuzz,Unlicht,Flug,510,110,65,105,55,95,80,5,nein
631,Heatmor,Feuer,,484,85,97,66,105,66,65,5,nein
632,Durant,Käfer,Stahl,484,58,109,112,48,48,109,5,nein
633,Deino,Unlicht,Drache,300,52,65,50,45,50,38,5,nein
634,Zweilous,Unlicht,Drache,420,72,85,70,65,70,58,5,nein
635,Hydreigon,Unlicht,Drache,600,92,105,90,125,90,98,5,nein
636,Larvesta,Käfer,Feuer,360,55,85,55,50,55,60,5,nein
637,Volcarona,Käfer,Feuer,550,85,60,65,135,105,100,5,nein
638,Cobalion,Stahl,Kampf,580,91,90,129,90,72,108,5,ja
639,Terrakion,Gestein,Kampf,580,91,129,90,72,90,108,5,ja
640,Virizion,Pflanze,Kampf,580,91,90,72,90,129,108,5,ja
641,TornadusIncarnate Forme,Flug,,580,79,115,70,125,80,111,5,ja
641,TornadusTherian Forme,Flug,,580,79,100,80,110,90,121,5,ja
642,ThundurusIncarnate Forme,Elektro,Flug,580,79,115,70,125,80,111,5,ja
642,ThundurusTherian Forme,Elektro,Flug,580,79,105,70,145,80,101,5,ja
643,Reshiram,Drache,Feuer,680,100,120,100,150,120,90,5,ja
644,Zekrom,Drache,Elektro,680,100,150,120,120,100,90,5,ja
645,LandorusIncarnate Forme,Boden,Flug,600,89,125,90,115,80,101,5,ja
645,LandorusTherian Forme,Boden,Flug,600,89,145,90,105,80,91,5,ja
646,Kyurem,Drache,Eis,660,125,130,90,130,90,95,5,ja
646,KyuremBlack Kyurem,Drache,Eis,700,125,170,100,120,90,95,5,ja
646,KyuremWhite Kyurem,Drache,Eis,700,125,120,90,170,100,95,5,ja
647,KeldeoOrdinary Forme,Wasser,Kampf,580,91,72,90,129,90,108,5,nein
647,KeldeoResolute Forme,Wasser,Kampf,580,91,72,90,129,90,108,5,nein
648,MeloettaAria Forme,Normal,Psycho,600,100,77,77,128,128,90,5,nein
648,MeloettaPirouette Forme,Normal,Kampf,600,100,128,90,77,77,128,5,nein
649,Genesect,Käfer,Stahl,600,71,120,95,120,95,99,5,nein
650,Chespin,Pflanze,,313,56,61,65,48,45,38,6,nein
651,Quilladin,Pflanze,,405,61,78,95,56,58,57,6,nein
652,Chesnaught,Pflanze,Kampf,530,88,107,122,74,75,64,6,nein
653,Fennekin,Feuer,,307,40,45,40,62,60,60,6,nein
654,Braixen,Feuer,,409,59,59,58,90,70,73,6,nein
655,Delphox,Feuer,Psycho,534,75,69,72,114,100,104,6,nein
656,Froakie,Wasser,,314,41,56,40,62,44,71,6,nein
657,Frogadier,Wasser,,405,54,63,52,83,56,97,6,nein
658,Greninja,Wasser,Unlicht,530,72,95,67,103,71,122,6,nein
659,Bunnelby,Normal,,237,38,36,38,32,36,57,6,nein
660,Diggersby,Normal,Boden,423,85,56,77,50,77,78,6,nein
661,Fletchling,Normal,Flug,278,45,50,43,40,38,62,6,nein
662,Fletchinder,Feuer,Flug,382,62,73,55,56,52,84,6,nein
663,Talonflame,Feuer,Flug,499,78,81,71,74,69,126,6,nein
664,Scatterbug,Käfer,,200,38,35,40,27,25,35,6,nein
665,Spewpa,Käfer,,213,45,22,60,27,30,29,6,nein
666,Vivillon,Käfer,Flug,411,80,52,50,90,50,89,6,nein
667,Litleo,Feuer,Normal,369,62,50,58,73,54,72,6,nein
668,Pyroar,Feuer,Normal,507,86,68,72,109,66,106,6,nein
669,Flabébé,Fee,,303,44,38,39,61,79,42,6,nein
670,Floette,Fee,,371,54,45,47,75,98,52,6,nein
671,Florges,Fee,,552,78,65,68,112,154,75,6,nein
672,Skiddo,Pflanze,,350,66,65,48,62,57,52,6,nein
673,Gogoat,Pflanze,,531,123,100,62,97,81,68,6,nein
674,Pancham,Kampf,,348,67,82,62,46,48,43,6,nein
675,Pangoro,Kampf,Unlicht,495,95,124,78,69,71,58,6,nein
676,Furfrou,Normal,,472,75,80,60,65,90,102,6,nein
677,Espurr,Psycho,,355,62,48,54,63,60,68,6,nein
678,MeowsticMale,Psycho,,466,74,48,76,83,81,104,6,nein
678,MeowsticFemale,Psycho,,466,74,48,76,83,81,104,6,nein
679,Honedge,Stahl,Geist,325,45,80,100,35,37,28,6,nein
680,Doublade,Stahl,Geist,448,59,110,150,45,49,35,6,nein
681,AegislashBlade Forme,Stahl,Geist,520,60,150,50,150,50,60,6,nein
681,AegislashShield Forme,Stahl,Geist,520,60,50,150,50,150,60,6,nein
682,Spritzee,Fee,,341,78,52,60,63,65,23,6,nein
683,Aromatisse,Fee,,462,101,72,72,99,89,29,6,nein
684,Swirlix,Fee,,341,62,48,66,59,57,49,6,nein
685,Slurpuff,Fee,,480,82,80,86,85,75,72,6,nein
686,Inkay,Unlicht,Psycho,288,53,54,53,37,46,45,6,nein
687,Malamar,Unlicht,Psycho,482,86,92,88,68,75,73,6,nein
688,Binacle,Gestein,Wasser,306,42,52,67,39,56,50,6,nein
689,Barbaracle,Gestein,Wasser,500,72,105,115,54,86,68,6,nein
690,Skrelp,Gift,Wasser,320,50,60,60,60,60,30,6,nein
691,Dragalge,Gift,Drache,494,65,75,90,97,123,44,6,nein
692,Clauncher,Wasser,,330,50,53,62,58,63,44,6,nein
693,Clawitzer,Wasser,,500,71,73,88,120,89,59,6,nein
694,Helioptile,Elektro,Normal,289,44,38,33,61,43,70,6,nein
695,Heliolisk,Elektro,Normal,481,62,55,52,109,94,109,6,nein
696,Tyrunt,Gestein,Drache,362,58,89,77,45,45,48,6,nein
697,Tyrantrum,Gestein,Drache,521,82,121,119,69,59,71,6,nein
698,Amaura,Gestein,Eis,362,77,59,50,67,63,46,6,nein
699,Aurorus,Gestein,Eis,521,123,77,72,99,92,58,6,nein
700,Sylveon,Fee,,525,95,65,65,110,130,60,6,nein
701,Hawlucha,Kampf,Flug,500,78,92,75,74,63,118,6,nein
702,Dedenne,Elektro,Fee,431,67,58,57,81,67,101,6,nein
703,Carbink,Gestein,Fee,500,50,50,150,50,150,50,6,nein
704,Goomy,Drache,,300,45,50,35,55,75,40,6,nein
705,Sliggoo,Drache,,452,68,75,53,83,113,60,6,nein
706,Goodra,Drache,,600,90,100,70,110,150,80,6,nein
707,Klefki,Stahl,Fee,470,57,80,91,80,87,75,6,nein
708,Phantump,Geist,Pflanze,309,43,70,48,50,60,38,6,nein
709,Trevenant,Geist,Pflanze,474,85,110,76,65,82,56,6,nein
710,PumpkabooAverage Size,Geist,Pflanze,335,49,66,70,44,55,51,6,nein
710,PumpkabooSmall Size,Geist,Pflanze,335,44,66,70,44,55,56,6,nein
710,PumpkabooLarge Size,Geist,Pflanze,335,54,66,70,44,55,46,6,nein
710,PumpkabooSuper Size,Geist,Pflanze,335,59,66,70,44,55,41,6,nein
711,GourgeistAverage Size,Geist,Pflanze,494,65,90,122,58,75,84,6,nein
711,GourgeistSmall Size,Geist,Pflanze,494,55,85,122,58,75,99,6,nein
711,GourgeistLarge Size,Geist,Pflanze,494,75,95,122,58,75,69,6,nein
711,GourgeistSuper Size,Geist,Pflanze,494,85,100,122,58,75,54,6,nein
712,Bergmite,Eis,,304,55,69,85,32,35,28,6,nein
713,Avalugg,Eis,,514,95,117,184,44,46,28,6,nein
714,Noibat,Flug,Drache,245,40,30,35,45,40,55,6,nein
715,Noivern,Flug,Drache,535,85,70,80,97,80,123,6,nein
716,Xerneas,Fee,,680,126,131,95,131,98,99,6,ja
717,Yveltal,Unlicht,Flug,680,126,131,95,131,98,99,6,ja
718,Zygarde50% Forme,Drache,Boden,600,108,100,121,81,95,95,6,ja
719,Diancie,Gestein,Fee,600,50,100,150,100,150,50,6,ja
719,DiancieMega Diancie,Gestein,Fee,700,50,160,110,160,110,110,6,ja
720,HoopaHoopa Confined,Psycho,Geist,600,80,110,60,150,130,70,6,ja
720,HoopaHoopa Unbound,Psycho,Unlicht,680,80,160,60,170,130,80,6,ja
721,Volcanion,Feuer,Wasser,600,80,110,120,130,90,70,6,ja
