Datum,Mitteltemperatur (C),Höchsttemperatur (C),Tiefsttemperatur (C),Niederschlag (mm),Sonnenscheindauer (h),Bewölkung (Achtel),Luftfeuchte (%),Windgeschwindigkeit (m/s),Windspitze (m/s),Jahreszeit
2025-01-01,3.8,9.0,-0.9,1.0,4.5,7.8,69.0,4.7,11.6,Winter
2025-01-02,4.2,9.8,-0.4,10.9,0.0,7.2,84.0,3.1,10.6,Winter
2025-01-03,1.0,3.2,-1.1,0.0,3.6,5.6,81.0,3.7,11.5,Winter
2025-01-04,0.3,2.2,-1.5,6.1,2.4,8.0,80.0,2.0,5.7,Winter
2025-01-05,5.1,11.2,-0.6,4.1,0.0,7.7,90.0,3.0,8.8,Winter
2025-01-06,10.3,15.3,7.6,1.0,2.2,7.7,68.0,4.9,21.0,Winter
2025-01-07,6.1,8.0,2.6,0.5,4.3,5.6,67.0,5.1,24.3,Winter
2025-01-08,3.1,5.9,0.3,9.8,0.0,7.7,89.0,2.8,10.5,Winter
2025-01-09,6.6,11.0,1.6,5.7,0.0,7.2,83.0,5.5,16.3,Winter
2025-01-10,1.7,5.8,-3.7,0.0,3.2,3.9,78.0,2.5,7.7,Winter
2025-01-11,-0.2,3.0,-4.0,0.0,3.2,5.5,85.0,1.3,5.7,Winter
2025-01-12,0.8,3.8,-2.3,0.0,4.4,5.7,78.0,1.7,7.1,Winter
2025-01-13,-1.7,1.9,-5.2,0.0,7.7,2.0,77.0,1.6,4.6,Winter
2025-01-14,-1.8,2.5,-6.6,0.0,6.5,4.1,80.0,1.2,4.2,Winter
2025-01-15,1.1,3.0,-0.6,0.1,0.1,7.9,91.0,1.3,3.9,Winter
2025-01-16,3.5,8.8,-0.4,0.0,7.7,3.4,81.0,1.8,6.0,Winter
2025-01-17,0.5,2.0,-3.1,0.0,0.0,5.9,88.0,1.8,4.5,Winter
2025-01-18,0.8,3.6,-3.8,0.0,1.8,5.0,83.0,1.4,4.3,Winter
2025-01-19,-1.8,4.8,-4.8,0.0,4.0,4.5,91.0,1.3,5.1,Winter
2025-01-20,-1.0,-0.3,-1.9,0.0,0.0,8.0,92.0,2.0,5.8,Winter
2025-01-21,-2.3,-1.7,-3.0,0.0,0.0,8.0,96.0,1.2,4.0,Winter
2025-01-22,-0.4,2.8,-2.7,1.9,0.0,8.0,92.0,1.3,5.7,Winter
2025-01-23,5.2,7.3,0.9,0.6,0.6,7.7,79.0,3.9,11.1,Winter
2025-01-24,7.9,10.8,5.0,0.0,0.0,7.8,69.0,3.9,10.7,Winter
2025-01-25,11.4,16.9,8.4,7.2,1.5,7.7,66.0,3.2,9.6,Winter
2025-01-26,7.2,11.1,3.3,3.5,1.9,7.8,76.0,4.2,12.1,Winter
2025-01-27,10.5,13.4,7.7,0.6,0.6,7.4,76.0,5.0,14.7,Winter
2025-01-28,8.3,10.7,6.6,0.6,1.3,7.5,75.0,4.3,11.2,Winter
2025-01-29,8.1,10.3,4.3,0.0,1.8,7.7,75.0,4.9,14.0,Winter
2025-01-30,7.4,11.8,3.6,2.4,2.3,7.6,77.0,3.0,10.7,Winter
2025-01-31,3.2,6.8,-0.1,0.0,6.0,5.6,80.0,1.5,4.5,Winter
2025-02-01,2.0,7.3,-1.6,0.0,8.1,0.0,71.0,2.4,6.1,Winter
2025-02-02,0.0,6.0,-4.4,0.0,8.2,1.1,81.0,1.3,4.6,Winter
2025-02-03,-1.4,1.1,-5.7,0.0,0.0,6.5,85.0,1.0,4.5,Winter
2025-02-04,-0.8,0.6,-4.8,0.0,0.0,6.0,83.0,1.9,5.1,Winter
2025-02-05,-1.6,1.9,-6.0,0.0,1.0,5.4,88.0,1.3,5.0,Winter
2025-02-06,2.8,4.3,1.6,0.0,0.0,8.0,77.0,2.8,7.7,Winter
2025-02-07,4.2,6.9,0.5,0.0,3.3,7.4,67.0,3.5,8.9,Winter
2025-02-08,2.1,7.9,-2.2,0.0,6.6,5.3,76.0,1.5,4.4,Winter
2025-02-09,1.3,6.9,-3.9,0.0,2.8,7.5,82.0,1.2,3.8,Winter
2025-02-10,3.4,7.5,-0.6,4.3,0.1,7.5,83.0,1.5,9.6,Winter
2025-02-11,7.4,10.9,5.0,4.7,3.3,7.3,86.0,1.9,8.2,Winter
2025-02-12,5.7,7.1,4.2,3.2,0.0,8.0,96.0,1.6,5.0,Winter
2025-02-13,3.1,5.8,0.2,1.1,0.5,7.8,84.0,2.3,8.0,Winter
2025-02-14,0.8,2.6,-1.3,0.0,0.0,7.6,76.0,2.1,5.7,Winter
2025-02-15,1.1,1.7,0.6,0.0,0.0,8.0,70.0,1.8,5.1,Winter
2025-02-16,1.0,3.2,-1.2,0.5,0.3,7.0,72.0,2.5,7.7,Winter
2025-02-17,0.1,5.0,-3.1,0.0,9.0,0.2,63.0,2.2,5.7,Winter
2025-02-18,0.0,4.4,-4.6,0.0,9.4,1.3,60.0,2.4,7.8,Winter
2025-02-19,0.7,4.7,-3.4,0.0,8.3,6.3,60.0,2.0,7.6,Winter
2025-02-20,4.5,10.2,-0.6,0.5,2.5,7.9,75.0,1.3,5.5,Winter
2025-02-21,9.0,17.5,4.4,0.0,7.2,7.9,84.0,1.5,5.6,Winter
2025-02-22,9.7,14.1,4.1,0.0,2.7,8.0,78.0,2.4,7.8,Winter
2025-02-23,10.3,15.6,4.1,0.0,8.7,5.2,73.0,1.9,5.5,Winter
2025-02-24,9.2,12.6,5.9,4.8,0.0,8.0,77.0,3.5,8.5,Winter
2025-02-25,9.4,12.0,7.5,4.5,0.9,7.6,90.0,2.3,9.0,Winter
2025-02-26,6.8,9.4,3.3,7.7,0.2,6.9,82.0,3.6,9.2,Winter
2025-02-27,5.9,9.6,4.2,2.0,3.0,6.9,81.0,3.3,9.6,Winter
2025-02-28,4.6,8.3,0.2,0.5,1.0,6.5,84.0,2.7,6.9,Winter
2025-03-01,4.0,8.0,-0.6,0.0,5.6,4.5,80.0,2.6,9.4,Frühling
2025-03-02,4.3,10.8,-1.4,0.0,9.9,0.9,69.0,2.1,6.9,Frühling
2025-03-03,3.9,13.1,-3.3,0.0,9.8,2.6,73.0,1.3,4.4,Frühling
2025-03-04,4.4,15.0,-2.9,0.0,9.6,5.3,71.0,1.1,3.8,Frühling
2025-03-05,5.1,16.2,-3.2,0.0,9.9,0.0,69.0,1.0,4.2,Frühling
2025-03-06,7.0,17.8,-2.0,0.0,10.3,2.0,66.0,1.6,5.6,Frühling
2025-03-07,8.3,18.7,-0.7,0.0,10.4,4.0,65.0,1.1,5.2,Frühling
2025-03-08,8.2,20.0,-1.1,0.0,10.4,2.8,67.0,1.0,3.8,Frühling
2025-03-09,9.2,19.6,-0.4,0.0,10.4,6.3,62.0,1.6,5.3,Frühling
2025-03-10,8.8,15.3,1.5,0.0,4.5,7.6,72.0,2.7,8.9,Frühling
2025-03-11,10.0,16.5,6.2,0.0,5.6,6.7,78.0,3.1,9.0,Frühling
2025-03-12,6.0,8.2,2.2,0.2,0.0,7.8,78.0,2.8,7.0,Frühling
2025-03-13,4.4,7.1,2.8,3.8,0.0,7.8,82.0,2.4,5.9,Frühling
2025-03-14,4.6,7.8,0.9,0.0,0.5,7.8,81.0,2.5,5.9,Frühling
2025-03-15,5.9,10.5,2.6,0.0,3.7,6.8,66.0,4.1,10.5,Frühling
2025-03-16,6.0,12.0,0.7,0.0,10.9,1.8,60.0,3.7,9.0,Frühling
2025-03-17,4.1,10.6,-2.7,0.0,5.8,2.9,56.0,2.8,9.1,Frühling
2025-03-18,5.5,12.3,-1.7,0.0,11.0,0.0,37.0,2.9,10.0,Frühling
2025-03-19,5.2,15.8,-5.2,0.0,11.2,0.0,52.0,1.1,4.1,Frühling
2025-03-20,8.8,19.9,-2.1,0.0,10.2,3.0,59.0,1.8,9.1,Frühling
2025-03-21,13.4,22.8,1.4,0.0,9.4,7.3,53.0,2.1,11.3,Frühling
2025-03-22,15.4,20.5,8.9,0.2,5.5,6.8,51.0,2.2,11.0,Frühling
2025-03-23,12.3,16.0,8.7,0.1,1.2,7.9,68.0,1.7,6.6,Frühling
2025-03-24,12.2,17.8,4.0,0.0,4.4,7.5,71.0,1.4,5.6,Frühling
2025-03-25,12.2,17.4,6.0,0.7,7.0,7.1,67.0,2.5,8.5,Frühling
2025-03-26,9.0,10.6,7.5,1.5,0.1,7.5,80.0,2.1,7.7,Frühling
2025-03-27,10.1,16.3,3.3,0.0,11.4,2.0,64.0,2.3,6.7,Frühling
2025-03-28,9.3,17.9,0.1,0.0,11.6,2.3,67.0,1.2,5.5,Frühling
2025-03-29,9.6,13.8,1.4,0.0,2.8,5.2,67.0,3.6,12.7,Frühling
2025-03-30,8.0,13.5,-1.0,0.0,4.3,7.4,68.0,3.9,12.6,Frühling
2025-03-31,9.7,13.1,6.8,0.0,2.6,7.8,56.0,3.6,11.0,Frühling
2025-04-01,9.4,14.5,3.7,0.0,4.2,5.3,57.0,3.9,12.1,Frühling
2025-04-02,13.5,18.9,7.7,0.0,11.1,3.0,49.0,5.0,14.5,Frühling
2025-04-03,14.7,21.7,6.3,0.0,11.5,2.1,49.0,2.6,8.3,Frühling
2025-04-04,14.3,23.8,3.1,0.0,11.9,0.0,52.0,1.8,6.6,Frühling
2025-04-05,13.8,22.3,3.1,0.0,10.1,2.4,52.0,2.8,10.2,Frühling
2025-04-06,7.3,12.3,1.7,0.0,12.1,0.3,36.0,3.6,10.8,Frühling
2025-04-07,7.6,14.6,0.2,0.0,12.1,0.2,44.0,2.2,8.3,Frühling
2025-04-08,8.6,17.7,-1.2,0.0,12.1,5.9,54.0,1.4,7.3,Frühling
2025-04-09,10.0,18.2,0.9,0.0,11.7,4.8,55.0,1.7,7.4,Frühling
2025-04-10,7.7,12.2,0.7,0.0,7.7,4.2,67.0,2.9,9.9,Frühling
2025-04-11,9.6,20.2,-1.5,0.0,11.9,3.5,65.0,1.4,7.8,Frühling
2025-04-12,13.9,24.3,2.0,0.0,11.8,5.3,56.0,1.7,7.6,Frühling
2025-04-13,16.0,20.4,8.2,0.0,3.2,7.5,60.0,3.7,11.2,Frühling
2025-04-14,15.3,22.2,6.9,0.0,10.9,4.8,62.0,1.9,6.1,Frühling
2025-04-15,13.9,19.5,7.9,3.5,7.0,6.4,80.0,2.0,10.2,Frühling
2025-04-16,14.1,21.2,9.5,0.0,5.9,7.9,76.0,3.2,11.5,Frühling
2025-04-17,9.5,10.8,8.4,5.4,0.0,7.8,87.0,3.3,8.0,Frühling
2025-04-18,8.8,10.6,7.7,0.0,0.0,7.9,82.0,2.1,6.1,Frühling
2025-04-19,11.7,19.3,3.5,0.0,11.8,4.7,71.0,1.2,4.6,Frühling
2025-04-20,11.3,20.3,3.6,1.1,7.0,3.3,76.0,2.7,13.0,Frühling
2025-04-21,10.1,15.7,2.2,0.8,3.4,6.9,83.0,2.4,9.8,Frühling
2025-04-22,12.9,19.6,6.0,0.0,5.5,7.5,77.0,2.0,8.6,Frühling
2025-04-23,12.1,19.8,4.7,10.1,6.5,6.8,82.0,1.9,8.4,Frühling
2025-04-24,11.1,15.2,8.5,0.1,0.8,7.9,84.0,1.9,7.8,Frühling
2025-04-25,12.0,14.8,9.8,0.0,0.7,8.0,82.0,2.4,8.7,Frühling
2025-04-26,13.6,17.5,8.6,0.0,4.0,7.4,67.0,2.3,7.5,Frühling
2025-04-27,14.4,20.9,5.6,0.0,13.5,6.5,56.0,2.3,6.6,Frühling
2025-04-28,13.7,23.0,4.0,0.0,13.6,0.5,59.0,1.7,7.4,Frühling
2025-04-29,15.8,25.3,3.7,0.0,13.7,1.9,57.0,1.8,7.4,Frühling
2025-04-30,17.5,27.5,6.4,0.0,13.7,1.1,56.0,1.5,6.0,Frühling
2025-05-01,18.0,28.8,6.2,0.0,13.9,0.0,58.0,1.2,6.0,Frühling
2025-05-02,20.3,29.9,9.2,0.0,12.0,3.9,55.0,2.2,9.3,Frühling
2025-05-03,17.8,25.4,12.8,13.7,4.7,6.7,72.0,3.3,15.2,Frühling
2025-05-04,12.0,15.2,5.9,0.0,10.3,5.5,67.0,3.2,9.8,Frühling
2025-05-05,12.0,16.8,6.2,0.0,8.8,6.5,57.0,3.7,9.9,Frühling
2025-05-06,12.6,17.1,7.6,0.0,12.5,5.1,52.0,3.5,10.9,Frühling
2025-05-07,12.4,16.4,4.7,0.0,3.8,5.2,58.0,3.1,7.9,Frühling
2025-05-08,13.4,18.2,9.3,0.0,4.5,7.3,50.0,2.6,8.8,Frühling
2025-05-09,13.1,19.2,3.8,0.0,13.6,1.5,46.0,3.0,9.5,Frühling
2025-05-10,13.2,21.8,2.2,0.0,14.0,1.9,52.0,1.7,8.8,Frühling
2025-05-11,15.7,24.6,2.9,0.0,13.5,0.4,51.0,1.9,9.8,Frühling
2025-05-12,17.2,24.1,7.9,0.0,13.1,2.7,44.0,2.1,8.4,Frühling
2025-05-13,15.7,24.4,5.8,0.0,11.9,2.5,50.0,1.5,6.2,Frühling
2025-05-14,16.8,25.4,4.8,0.0,14.2,3.7,48.0,1.6,5.9,Frühling
2025-05-15,14.8,20.1,8.0,0.0,13.5,2.2,47.0,3.9,11.7,Frühling
2025-05-16,13.6,19.7,4.4,0.0,10.7,3.0,49.0,2.2,7.9,Frühling
2025-05-17,13.8,19.3,6.0,0.0,7.0,4.5,62.0,2.5,8.9,Frühling
2025-05-18,12.5,19.3,4.1,0.0,13.0,1.8,65.0,2.3,9.1,Frühling
2025-05-19,15.0,23.7,3.4,0.0,14.4,2.3,56.0,1.6,6.3,Frühling
2025-05-20,17.4,25.3,7.5,0.0,13.7,5.1,53.0,2.0,10.1,Frühling
2025-05-21,15.1,21.7,9.0,3.8,4.7,7.8,74.0,2.1,11.5,Frühling
2025-05-22,13.0,17.8,4.2,0.0,5.7,5.7,65.0,3.2,11.1,Frühling
2025-05-23,10.9,16.8,2.5,0.0,7.2,5.4,55.0,2.5,9.8,Frühling
2025-05-24,11.8,19.1,1.6,4.9,10.2,6.4,63.0,2.6,8.9,Frühling
2025-05-25,15.0,20.5,10.7,3.4,0.6,7.8,81.0,3.5,10.2,Frühling
2025-05-26,15.8,20.9,11.2,0.0,9.2,6.8,59.0,3.6,10.3,Frühling
2025-05-27,16.7,22.7,11.2,6.4,4.3,7.7,62.0,3.7,10.4,Frühling
2025-05-28,14.9,18.3,11.8,22.6,1.2,7.4,86.0,3.8,12.4,Frühling
2025-05-29,16.7,21.0,9.7,0.0,3.7,7.6,74.0,2.0,8.6,Frühling
2025-05-30,21.5,29.5,15.1,0.0,10.6,3.7,65.0,2.0,7.5,Frühling
2025-05-31,20.7,30.2,13.0,5.6,10.2,4.5,76.0,1.8,17.8,Frühling
2025-06-01,21.9,27.5,16.9,0.0,10.1,7.5,71.0,3.4,11.9,Sommer
2025-06-02,17.9,22.3,14.7,2.5,2.6,6.9,79.0,1.7,5.8,Sommer
2025-06-03,19.0,24.4,12.7,2.9,9.1,4.0,75.0,3.1,8.9,Sommer
2025-06-04,17.3,19.7,15.1,6.1,0.3,7.3,90.0,3.0,7.6,Sommer
2025-06-05,17.8,20.8,14.6,1.5,6.2,6.8,71.0,4.2,11.7,Sommer
2025-06-06,17.6,20.4,15.4,1.1,1.0,7.8,83.0,4.3,12.8,Sommer
2025-06-07,17.6,21.8,14.2,0.8,3.3,7.4,76.0,4.3,14.0,Sommer
2025-06-08,14.7,18.2,7.5,7.7,4.2,6.2,73.0,4.5,14.1,Sommer
2025-06-09,14.5,21.0,6.6,0.0,8.7,4.5,67.0,1.7,6.1,Sommer
2025-06-10,18.5,25.1,8.2,0.0,10.0,6.3,64.0,3.4,10.9,Sommer
2025-06-11,18.2,24.5,10.6,0.0,15.2,1.4,57.0,2.2,6.6,Sommer
2025-06-12,21.6,29.1,10.2,0.0,14.3,2.3,50.0,2.0,6.9,Sommer
2025-06-13,24.8,33.2,14.6,0.0,14.3,1.7,51.0,1.9,7.1,Sommer
2025-06-14,26.1,34.0,16.0,7.4,14.2,2.9,51.0,2.7,10.3,Sommer
2025-06-15,19.7,24.1,16.4,6.0,1.1,6.7,84.0,2.4,10.2,Sommer
2025-06-16,19.1,24.8,13.6,0.0,12.2,2.8,70.0,1.9,8.0,Sommer
2025-06-17,20.7,27.9,11.3,0.0,14.8,4.4,63.0,1.4,5.3,Sommer
2025-06-18,22.3,29.6,12.9,0.0,13.9,5.6,61.0,1.5,6.7,Sommer
2025-06-19,22.6,28.7,15.0,0.0,15.2,0.7,57.0,3.0,8.2,Sommer
2025-06-20,21.7,28.9,13.9,0.0,14.8,1.0,50.0,2.5,7.9,Sommer
2025-06-21,23.0,32.0,11.9,0.0,14.7,3.7,45.0,1.6,6.7,Sommer
2025-06-22,25.6,35.0,11.9,0.0,14.5,5.2,51.0,2.6,8.4,Sommer
2025-06-23,24.3,29.7,16.8,0.0,6.2,5.9,53.0,4.7,14.8,Sommer
2025-06-24,22.8,30.0,13.9,0.0,14.8,1.0,46.0,4.0,10.5,Sommer
2025-06-25,26.1,34.8,16.8,0.0,14.7,2.0,49.0,2.3,9.3,Sommer
2025-06-26,25.3,31.0,19.9,0.0,11.2,5.8,56.0,4.5,19.1,Sommer
2025-06-27,21.8,25.8,16.6,1.3,1.7,7.5,75.0,1.9,8.1,Sommer
2025-06-28,24.9,33.1,15.1,0.0,12.6,1.8,61.0,1.8,7.5,Sommer
2025-06-29,26.5,34.2,16.5,0.0,15.4,0.6,54.0,2.3,7.3,Sommer
2025-06-30,27.8,35.1,18.6,0.0,15.3,1.0,49.0,2.2,7.0,Sommer
2025-07-01,28.5,37.4,19.8,0.0,14.8,0.2,40.0,1.7,6.7,Sommer
2025-07-02,29.3,38.5,18.5,1.5,14.2,1.5,46.0,2.1,16.4,Sommer
2025-07-03,22.4,27.9,17.4,0.7,7.2,5.0,58.0,3.0,7.7,Sommer
2025-07-04,21.9,29.3,14.9,0.0,14.9,2.2,43.0,2.5,7.8,Sommer
2025-07-05,22.8,31.4,11.6,0.0,11.9,6.6,40.0,2.8,9.6,Sommer
2025-07-06,19.8,23.9,15.7,4.4,0.0,7.9,56.0,2.4,10.0,Sommer
2025-07-07,17.0,22.4,14.7,3.3,1.8,7.9,81.0,3.6,11.1,Sommer
2025-07-08,16.2,21.6,13.3,0.0,4.2,6.8,67.0,3.1,7.9,Sommer
2025-07-09,17.9,23.1,12.4,0.0,6.3,6.1,61.0,2.0,7.0,Sommer
2025-07-10,19.9,27.9,9.1,0.0,13.8,4.2,55.0,2.1,10.7,Sommer
2025-07-11,19.8,26.7,13.5,0.0,7.7,5.9,60.0,2.6,9.6,Sommer
2025-07-12,21.6,27.6,13.3,0.0,10.7,6.3,53.0,2.2,7.8,Sommer
2025-07-13,23.6,31.2,15.9,0.0,9.2,4.9,49.0,1.9,7.5,Sommer
2025-07-14,20.8,26.1,14.9,1.6,2.5,6.1,75.0,2.7,10.3,Sommer
2025-07-15,21.6,26.1,17.2,2.8,7.9,6.8,62.0,3.5,11.3,Sommer
2025-07-16,19.0,23.8,12.3,1.6,3.6,6.7,65.0,3.6,13.0,Sommer
2025-07-17,19.7,26.5,12.9,0.0,4.9,5.9,63.0,1.7,7.9,Sommer
2025-07-18,21.2,28.3,11.3,0.0,13.9,4.8,58.0,1.4,6.6,Sommer
2025-07-19,23.3,32.3,13.5,0.0,8.1,4.3,58.0,2.8,9.8,Sommer
2025-07-20,22.5,32.1,14.9,3.0,9.5,6.3,70.0,2.4,21.1,Sommer
2025-07-21,20.0,26.5,17.4,2.7,3.9,7.7,78.0,3.0,13.8,Sommer
2025-07-22,19.3,23.9,15.9,3.2,3.9,6.8,73.0,4.3,13.1,Sommer
2025-07-23,20.4,26.2,15.2,0.0,4.6,7.3,63.0,2.4,8.3,Sommer
2025-07-24,19.6,25.7,12.6,0.3,5.5,7.0,71.0,1.5,12.8,Sommer
2025-07-25,19.4,27.2,12.9,1.8,7.4,6.5,77.0,1.6,10.0,Sommer
2025-07-26,20.6,27.2,15.8,0.0,6.6,4.8,77.0,2.6,9.5,Sommer
2025-07-27,18.5,23.4,15.2,34.4,3.0,7.6,86.0,2.2,13.5,Sommer
2025-07-28,17.0,20.9,13.0,1.9,1.2,7.3,83.0,2.1,9.2,Sommer
2025-07-29,17.2,23.5,12.8,13.2,4.5,6.5,80.0,1.7,13.9,Sommer
2025-07-30,17.6,24.1,14.9,6.3,3.4,7.6,79.0,2.0,10.6,Sommer
2025-07-31,19.2,25.2,14.3,19.3,4.0,7.4,74.0,2.9,11.5,Sommer
2025-08-01,18.4,24.8,13.0,42.7,4.6,7.3,82.0,2.1,17.4,Sommer
2025-08-02,18.0,23.9,14.3,0.0,6.5,6.3,71.0,2.4,9.4,Sommer
2025-08-03,17.4,21.2,14.6,2.6,1.6,7.7,68.0,2.7,7.7,Sommer
2025-08-04,18.8,24.7,14.4,0.5,4.0,7.7,78.0,3.4,8.7,Sommer
2025-08-05,20.9,24.9,13.1,0.1,6.4,5.3,64.0,3.3,11.2,Sommer
2025-08-06,17.6,23.8,9.5,0.0,13.7,4.3,61.0,1.4,5.4,Sommer
2025-08-07,19.7,27.8,11.2,0.0,12.0,4.4,63.0,1.9,8.7,Sommer
2025-08-08,23.0,32.3,14.0,0.0,13.3,2.9,56.0,1.5,6.1,Sommer
2025-08-09,24.7,33.0,15.0,0.0,10.8,3.8,55.0,1.7,7.2,Sommer
2025-08-10,22.2,27.8,16.4,0.0,13.7,0.0,52.0,3.1,7.5,Sommer
2025-08-11,22.8,30.5,13.6,0.0,13.9,0.0,46.0,2.1,6.9,Sommer
2025-08-12,24.3,32.6,13.2,0.0,13.5,0.1,54.0,1.7,7.4,Sommer
2025-08-13,26.7,35.4,17.9,0.0,13.0,1.8,57.0,1.5,5.0,Sommer
2025-08-14,27.3,35.8,18.0,0.0,12.8,3.0,57.0,1.5,5.7,Sommer
2025-08-15,27.4,35.4,19.6,0.0,10.5,1.7,58.0,2.6,8.0,Sommer
2025-08-16,23.7,29.3,17.1,0.0,9.0,2.2,56.0,3.6,10.6,Sommer
2025-08-17,19.7,25.4,15.2,0.0,10.3,3.4,57.0,3.4,8.9,Sommer
2025-08-18,20.3,27.6,11.9,0.0,13.2,1.0,56.0,1.9,5.8,Sommer
2025-08-19,22.3,30.4,13.3,0.0,12.3,1.5,53.0,1.6,6.7,Sommer
2025-08-20,21.9,27.9,14.8,0.0,6.9,7.6,60.0,1.5,5.3,Sommer
2025-08-21,21.7,28.0,16.6,0.0,8.1,6.5,53.0,3.1,9.2,Sommer
2025-08-22,17.4,22.3,11.1,0.0,9.8,5.0,50.0,3.5,10.2,Sommer
2025-08-23,16.5,21.8,10.8,0.0,4.2,6.9,58.0,2.0,7.6,Sommer
2025-08-24,15.8,23.2,9.0,0.0,11.9,0.8,56.0,1.9,7.7,Sommer
2025-08-25,16.1,25.1,6.3,0.0,12.6,4.0,52.0,1.4,5.8,Sommer
2025-08-26,20.1,29.3,7.7,0.0,10.5,5.2,53.0,2.1,7.6,Sommer
2025-08-27,23.2,29.4,18.8,12.3,5.1,7.2,69.0,3.2,8.7,Sommer
2025-08-28,19.6,21.9,16.8,3.2,0.1,7.9,88.0,2.2,7.7,Sommer
2025-08-29,19.2,23.9,15.7,1.4,8.7,5.6,73.0,3.4,9.4,Sommer
2025-08-30,18.6,24.2,15.2,0.0,7.6,4.6,69.0,3.3,11.8,Sommer
2025-08-31,19.8,26.7,14.0,0.1,7.9,4.0,67.0,2.7,9.1,Sommer
2025-09-01,18.7,21.9,16.6,1.3,2.0,7.8,76.0,2.7,7.5,Herbst
2025-09-02,18.3,22.7,15.8,0.0,6.7,6.2,68.0,2.9,9.0,Herbst
2025-09-03,20.0,25.0,16.4,0.0,3.6,6.4,66.0,3.8,11.0,Herbst
2025-09-04,19.9,24.9,16.4,3.0,3.8,7.1,74.0,3.0,9.4,Herbst
2025-09-05,17.1,20.5,12.1,0.7,5.2,5.8,79.0,2.4,7.5,Herbst
2025-09-06,17.1,24.9,8.6,0.0,10.2,4.3,70.0,1.6,8.4,Herbst
2025-09-07,18.6,26.7,10.5,0.0,11.5,7.6,65.0,1.5,6.6,Herbst
2025-09-08,17.0,21.9,12.3,0.4,1.4,6.8,82.0,1.5,4.9,Herbst
2025-09-09,15.6,18.7,11.3,9.4,1.6,5.7,91.0,1.8,7.3,Herbst
2025-09-10,15.0,21.1,9.9,0.0,4.3,4.3,86.0,1.6,7.0,Herbst
2025-09-11,16.9,20.3,13.9,2.1,2.5,6.3,73.0,4.2,13.6,Herbst
2025-09-12,16.2,20.5,12.6,0.0,7.3,5.4,69.0,3.7,12.0,Herbst
2025-09-13,17.2,22.0,13.5,13.3,3.9,7.8,67.0,3.0,10.5,Herbst
2025-09-14,17.0,20.9,13.4,0.6,5.4,6.6,76.0,3.2,9.3,Herbst
2025-09-15,19.8,22.8,16.7,0.8,3.8,6.0,70.0,5.5,14.6,Herbst
2025-09-16,16.5,19.8,13.6,0.2,4.4,7.1,60.0,5.5,13.9,Herbst
2025-09-17,16.1,20.6,11.0,0.0,3.2,6.8,69.0,2.7,8.1,Herbst
2025-09-18,19.0,26.7,13.4,0.0,11.7,0.5,66.0,2.8,6.8,Herbst
2025-09-19,19.8,29.4,11.0,0.0,11.6,1.8,64.0,1.3,5.3,Herbst
2025-09-20,22.2,31.3,13.7,0.0,10.9,5.3,61.0,2.8,10.9,Herbst
2025-09-21,17.3,22.6,12.5,21.3,0.3,7.7,81.0,2.5,8.4,Herbst
2025-09-22,11.8,12.9,10.8,7.7,0.0,7.6,89.0,3.6,9.1,Herbst
2025-09-23,12.8,15.3,10.4,22.8,1.0,7.8,72.0,3.2,10.4,Herbst
2025-09-24,10.0,10.8,9.3,50.6,0.0,7.6,95.0,2.6,6.9,Herbst
2025-09-25,10.2,11.1,9.3,4.6,0.0,7.7,96.0,2.3,5.1,Herbst
2025-09-26,11.3,13.5,7.9,0.8,1.7,7.6,89.0,1.7,4.6,Herbst
2025-09-27,13.6,18.0,10.1,0.0,3.3,6.7,85.0,1.2,4.0,Herbst
2025-09-28,11.6,17.0,7.6,0.0,2.2,4.8,91.0,1.0,3.8,Herbst
2025-09-29,12.4,18.2,8.8,0.0,1.8,7.1,93.0,1.0,3.2,Herbst
2025-09-30,13.1,17.8,10.4,0.0,3.0,7.9,86.0,1.9,6.4,Herbst
2025-10-01,11.1,16.7,4.4,0.0,8.6,1.8,73.0,1.8,6.4,Herbst
2025-10-02,9.2,16.6,2.7,0.0,10.5,1.3,74.0,1.4,6.3,Herbst
2025-10-03,9.6,14.9,2.2,1.0,1.8,7.5,75.0,1.9,7.6,Herbst
2025-10-04,12.8,17.3,9.3,4.0,1.3,,,,,Herbst
2025-10-05,12.0,14.5,9.7,0.5,3.2,,,,,Herbst
2025-10-06,11.6,13.5,10.0,4.4,0.0,,,,8.2,Herbst
2025-10-07,13.2,15.7,11.3,0.0,0.4,7.9,92.0,1.4,4.4,Herbst
2025-10-08,14.1,19.5,8.6,0.0,6.4,8.0,85.0,1.5,7.2,Herbst
2025-10-09,13.1,18.5,7.3,0.0,1.2,5.2,88.0,1.7,5.4,Herbst
2025-10-10,11.1,14.6,5.6,0.0,0.0,7.0,89.0,0.8,2.9,Herbst
2025-10-11,12.7,17.6,5.9,0.0,3.9,5.3,84.0,1.4,5.1,Herbst
2025-10-12,12.4,15.9,8.2,0.0,1.5,5.9,80.0,2.0,6.7,Herbst
2025-10-13,13.3,16.1,10.7,0.0,0.4,8.0,81.0,1.3,4.2,Herbst
2025-10-14,13.4,17.4,11.0,0.0,4.4,6.3,80.0,1.8,7.2,Herbst
2025-10-15,12.3,17.0,5.3,0.0,2.4,5.0,82.0,1.8,6.6,Herbst
2025-10-16,10.3,14.5,4.9,0.0,0.9,7.1,88.0,1.1,4.6,Herbst
2025-10-17,11.7,15.1,9.6,0.0,0.0,7.9,85.0,1.5,6.2,Herbst
2025-10-18,11.2,15.2,8.6,0.0,1.4,7.7,72.0,1.8,7.2,Herbst
2025-10-19,10.1,15.0,4.9,0.0,1.6,8.0,77.0,1.4,5.7,Herbst
2025-10-20,12.7,15.9,8.9,6.5,0.2,7.8,89.0,2.2,9.2,Herbst
2025-10-21,13.6,16.3,12.2,5.8,2.6,7.2,88.0,3.5,10.6,Herbst
2025-10-22,14.0,15.8,12.8,16.0,0.5,7.8,94.0,2.7,8.1,Herbst
2025-10-23,13.9,16.2,11.0,10.9,2.7,7.7,79.0,6.0,18.0,Herbst
2025-10-24,10.0,12.1,8.0,1.4,3.4,7.3,66.0,6.0,17.8,Herbst
2025-10-25,10.4,13.1,8.4,2.1,1.2,7.8,80.0,4.7,12.0,Herbst
2025-10-26,8.7,10.9,6.8,1.1,4.6,6.8,69.0,4.9,14.2,Herbst
2025-10-27,9.5,13.4,7.0,2.1,3.1,7.2,78.0,5.4,14.3,Herbst
2025-10-28,11.5,14.2,8.6,0.2,0.0,7.8,77.0,4.7,12.9,Herbst
2025-10-29,13.6,16.5,11.5,1.4,4.3,7.9,74.0,3.2,7.7,Herbst
2025-10-30,11.2,15.4,3.5,0.0,8.0,7.3,75.0,3.4,11.1,Herbst
2025-10-31,8.3,13.3,1.6,0.0,2.7,7.8,86.0,1.5,5.3,Herbst
2025-11-01,11.3,15.7,4.7,4.1,0.0,6.9,91.0,2.1,6.6,Herbst
2025-11-02,11.4,13.6,9.1,2.7,0.4,7.5,92.0,2.9,6.6,Herbst
2025-11-03,9.6,12.9,4.6,0.0,4.6,4.9,82.0,2.7,8.1,Herbst
2025-11-04,10.1,15.5,3.6,0.0,8.7,7.4,81.0,2.0,6.8,Herbst
2025-11-05,7.8,16.6,1.9,0.0,8.2,5.8,85.0,1.2,3.8,Herbst
2025-11-06,4.1,8.1,1.3,0.1,1.4,7.2,99.0,0.9,3.5,Herbst
2025-11-07,4.6,6.0,3.4,0.0,0.0,8.0,94.0,1.3,3.7,Herbst
2025-11-08,5.0,6.0,4.0,0.9,0.0,7.9,92.0,1.7,4.6,Herbst
2025-11-09,7.7,9.4,5.6,5.7,0.0,8.0,98.0,1.9,5.0,Herbst
2025-11-10,8.2,12.1,5.7,0.0,2.5,7.7,97.0,1.9,6.7,Herbst
2025-11-11,9.0,14.7,3.5,0.0,6.3,7.7,88.0,2.4,6.3,Herbst
2025-11-12,7.2,14.2,1.3,0.0,6.4,7.6,88.0,1.4,5.3,Herbst
2025-11-13,9.7,15.7,2.5,0.0,2.9,8.0,79.0,1.8,7.5,Herbst
2025-11-14,11.5,15.0,6.7,0.0,0.2,8.0,76.0,1.7,6.9,Herbst
2025-11-15,12.7,14.8,9.8,0.3,0.0,7.8,84.0,1.6,5.1,Herbst
2025-11-16,9.0,11.7,5.7,1.0,1.6,5.5,95.0,1.5,4.5,Herbst
2025-11-17,5.1,8.1,-1.3,0.5,0.7,5.8,85.0,2.8,13.3,Herbst
2025-11-18,1.4,6.5,-3.0,0.0,5.9,3.2,84.0,2.2,6.2,Herbst
2025-11-19,3.7,6.9,1.0,0.6,0.3,7.8,75.0,4.6,11.5,Herbst
2025-11-20,3.4,6.1,-0.2,0.0,2.3,5.8,77.0,3.2,10.6,Herbst
2025-11-21,0.2,4.2,-5.1,0.0,7.9,3.3,81.0,2.2,7.9,Herbst
2025-11-22,-3.9,0.6,-8.4,0.0,7.9,0.5,85.0,1.7,5.9,Herbst
2025-11-23,-1.7,2.6,-6.8,6.3,3.2,7.8,80.0,3.3,8.0,Herbst
2025-11-24,4.9,7.9,1.8,2.3,0.3,7.9,94.0,2.9,7.0,Herbst
2025-11-25,5.2,6.6,3.1,0.2,0.0,7.6,95.0,1.7,5.0,Herbst
2025-11-26,4.7,6.3,3.0,0.0,0.4,7.9,84.0,2.5,8.5,Herbst
2025-11-27,4.4,6.6,3.1,0.0,3.4,7.1,78.0,2.9,8.9,Herbst
2025-11-28,5.2,6.8,3.4,6.4,0.0,7.8,83.0,3.7,8.4,Herbst
2025-11-29,7.8,10.2,5.8,0.2,0.0,7.8,96.0,2.4,7.3,Herbst
2025-11-30,7.3,8.2,4.5,4.1,0.0,7.8,92.0,2.3,6.6,Herbst
2025-12-01,2.4,5.6,-1.2,0.0,7.5,6.0,88.0,2.1,5.5,Winter
2025-12-02,2.6,7.3,-1.9,0.0,1.6,8.0,90.0,1.4,6.6,Winter
2025-12-03,2.8,5.8,0.2,0.0,1.9,7.9,89.0,1.1,3.7,Winter
2025-12-04,3.0,5.2,-0.9,0.0,0.0,8.0,88.0,1.0,3.7,Winter
2025-12-05,2.8,4.8,-1.0,0.0,0.0,7.6,94.0,1.5,5.4,Winter
2025-12-06,5.2,8.7,-1.5,1.9,0.0,7.6,90.0,3.2,10.1,Winter
2025-12-07,9.7,12.2,6.7,10.5,0.0,7.6,94.0,3.3,8.0,Winter
2025-12-08,13.1,14.9,11.0,0.0,0.2,7.9,91.0,4.3,9.2,Winter
2025-12-09,10.6,14.1,6.6,0.0,6.7,8.0,87.0,2.7,8.1,Winter
2025-12-10,9.4,10.4,7.8,4.3,0.0,7.8,92.0,2.6,5.2,Winter
2025-12-11,8.3,11.5,1.2,0.0,1.6,7.5,96.0,1.5,3.8,Winter
2025-12-12,5.0,10.7,1.1,0.0,5.5,8.0,96.0,1.0,3.0,Winter
2025-12-13,5.2,6.2,3.5,0.3,0.0,8.0,100.0,1.6,4.8,Winter
2025-12-14,6.3,7.8,2.9,0.0,0.0,7.8,95.0,1.6,5.5,Winter
2025-12-15,4.2,8.7,-0.7,0.0,7.0,5.7,89.0,2.6,8.3,Winter
2025-12-16,0.2,2.1,-1.4,0.0,0.0,7.5,99.0,0.9,3.0,Winter
2025-12-17,2.3,5.5,-1.1,0.0,2.9,7.1,95.0,1.1,3.3,Winter
2025-12-18,6.9,10.7,4.0,0.0,6.1,7.2,86.0,3.0,7.8,Winter
2025-12-19,8.5,10.0,6.1,0.1,0.0,8.0,78.0,2.8,6.0,Winter
2025-12-20,8.0,9.6,3.9,0.3,0.1,7.9,95.0,1.0,2.5,Winter
2025-12-21,5.3,11.7,0.2,0.0,7.0,8.0,85.0,1.2,6.7,Winter
2025-12-22,1.6,4.5,-2.7,0.0,0.0,7.8,89.0,1.1,4.2,Winter
2025-12-23,4.9,6.1,3.9,0.0,0.0,8.0,72.0,3.1,9.5,Winter
2025-12-24,2.4,4.9,-0.2,0.0,0.0,7.9,62.0,6.1,13.9,Winter
2025-12-25,0.4,3.7,-2.2,0.0,5.4,3.9,67.0,3.8,10.8,Winter
2025-12-26,-0.6,4.7,-4.4,0.0,7.4,0.8,80.0,2.6,6.4,Winter
2025-12-27,-0.3,5.6,-3.4,0.0,7.5,3.8,78.0,1.6,4.8,Winter
2025-12-28,0.6,6.3,-3.6,0.0,6.9,1.9,80.0,2.1,5.9,Winter
2025-12-29,-1.6,2.7,-7.2,0.0,5.9,4.2,85.0,1.9,8.5,Winter
2025-12-30,-0.4,4.6,-6.1,0.0,5.9,2.7,80.0,1.7,9.6,Winter
2025-12-31,-2.1,2.4,-7.6,0.0,0.1,6.1,84.0,2.0,5.4,Winter
